Test_ID,Predicted_Reference_Parameter,Validity_Label,Interval_95_Lower,Interval_95_Upper,Interval_Width,Interval_Margin,Applied_Voltage_kV,Load_Current_A,Ambient_Temperature_C,Test_Duration_min,Sensor_S1,Sensor_S2,Sensor_S3,Sensor_S4,Anomaly_Score,Reason,Fault_Detected,Fault_Type,Fault_Sensor,Fault_Severity,Fault_Reason,Fault_Confidence,Mahalanobis_Distance,Cross_Sensor_Inconsistent,Contributing_Sensors,Multivariate_Anomaly_Score,S1_Residual,S2_Residual,S3_Residual,SHAP_Increased_Hotspot,SHAP_Decreased_Hotspot
TST-0278,31.6774,Invalid,30.2402,33.1146,2.8744,1.4372,17.811,90.1179,31.3022,44.6405,17.5112,8.5726,16.8205,35.3431,6.5201,Sensor_S1 physical deviation (3.63 deg C > threshold 1.25); Sensor_S2 physical deviation (6.52 deg C > threshold 1.25),True,Other Sensor Anomaly,"Sensor_S1, Sensor_S2",Critical,"Simultaneous multi-sensor deviation on Sensor_S1, Sensor_S2",100.0% (Max Z=19.96),42.186,True,"Sensor_S1, Sensor_S2",42.186,3.633,-6.52,0.002,Load_Current_A; Power_Proxy_kVA; Test_Duration_min; Sensor_S1,Sensor_S2; Ambient_Plus_Terminal; Temp_Gradient_S2_S1
TST-0006,19.1257,Valid,17.6885,20.5629,2.8744,1.4372,23.0493,31.1155,39.1369,21.9355,12.9218,12.1695,17.0738,63.4606,0.2897,Normal Operating Condition,False,None,None,Normal,Sensor readings conform to physical electro-thermal equilibrium,N/A (Normal),1.944,False,None,1.944,-0.219,0.29,-0.221,Ambient_Plus_Terminal; Ambient_Temperature_C; Sensor_S4; Temp_Gradient_S3_S1,Load_Current_A; Power_Proxy_kVA; Temp_Gradient_S2_S1
TST-0047,56.0143,Valid,54.5771,57.4515,2.8744,1.4372,19.7897,108.3701,55.0,8.0283,15.1584,17.5965,18.4259,43.31,0.6754,Normal Operating Condition,True,Multi-Sensor Correlation Anomaly,Sensor_S1,Warning,Cross-sensor residuals disagree with the robust covariance pattern (Mahalanobis D=4.09 > 3.37),99.9% (chi2 p=0.0008),4.091,True,Sensor_S1,4.091,-0.675,0.269,-0.576,Load_Current_A; Ambient_Plus_Terminal; Ambient_Temperature_C; Sensor_S2,Test_Duration_min; Sensor_S3
TST-0311,25.4817,Valid,24.0445,26.9189,2.8744,1.4372,24.9749,73.0664,26.2349,34.3724,16.1721,15.688,20.2016,25.5532,0.4246,Normal Operating Condition,False,None,None,Normal,Sensor readings conform to physical electro-thermal equilibrium,N/A (Normal),1.362,False,None,1.362,-0.205,-0.425,-0.413,Sensor_S2; Power_Proxy_kVA; Terminal_TempRise_Mean; Test_Duration_min,Load_Current_A; Ambient_Plus_Terminal; Ambient_Temperature_C
TST-0264,22.6785,Invalid,21.2413,24.1157,2.8744,1.4372,19.7388,39.1346,34.0025,33.7288,8.4072,18.644,15.7654,45.2633,7.2237,Sensor_S1 physical deviation (3.59 deg C > threshold 1.25); Sensor_S2 physical deviation (7.22 deg C > threshold 1.25),True,Other Sensor Anomaly,"Sensor_S1, Sensor_S2",Critical,"Simultaneous multi-sensor deviation on Sensor_S1, Sensor_S2",100.0% (Max Z=22.11),44.332,True,"Sensor_S1, Sensor_S2",44.332,-3.587,7.224,0.218,Sensor_S2; Temp_Gradient_S2_S1; Terminal_TempRise_Mean; Temp_Gradient_S3_S1,Load_Current_A; Power_Proxy_kVA; Ambient_Plus_Terminal
TST-0169,19.8054,Valid,18.3682,21.2426,2.8744,1.4372,18.2262,60.8352,33.7688,52.4161,12.7254,12.8528,16.2683,60.416,0.628,Normal Operating Condition,False,None,None,Normal,Sensor readings conform to physical electro-thermal equilibrium,N/A (Normal),2.103,False,None,2.103,0.261,0.108,0.628,Sensor_S2; Test_Duration_min; Terminal_TempRise_Mean; Sensor_S4,Load_Current_A; Ambient_Plus_Terminal; Power_Proxy_kVA
TST-0269,18.3119,Valid,16.8747,19.7491,2.8744,1.4372,18.3207,48.0471,37.1887,7.9713,11.3916,11.5145,14.6297,27.5177,0.4398,Normal Operating Condition,False,None,None,Normal,Sensor readings conform to physical electro-thermal equilibrium,N/A (Normal),1.785,False,None,1.785,-0.413,-0.175,-0.44,Sensor_S4,Load_Current_A; Sensor_S2; Power_Proxy_kVA
TST-0178,16.3536,Invalid,14.9164,17.7908,2.8744,1.4372,11.1969,39.4963,25.0036,25.0844,25.0,8.3016,10.3271,50.1327,17.0856,Sensor_S1 physical deviation (17.09 deg C > threshold 1.25),True,Sensor Spike,Sensor_S1,Critical,Sensor_S1 registered abrupt positive spike of 17.09 deg C above thermodynamic expectation,"100.0% (Z=65.26, residual=17.09 C)",154.289,True,Sensor_S1,154.289,17.086,-0.204,0.293,Terminal_TempRise_Mean; Sensor_S1; Applied_Voltage_kV; Sensor_S4,Load_Current_A; Sensor_S2; Ambient_Plus_Terminal
TST-0206,31.8178,Valid,30.3806,33.255,2.8744,1.4372,27.6042,73.4795,45.2,28.1561,18.0358,17.4965,23.198,63.1036,0.8603,Normal Operating Condition,True,Calibration Drift,Sensor_S3,Warning,Sensor_S3 shows borderline persistent bias of 0.86 deg C,96.8% (Z=2.15),2.489,False,None,2.489,0.374,0.442,0.86,Ambient_Plus_Terminal; Sensor_S2; Power_Proxy_kVA; Ambient_Temperature_C,Load_Current_A; Temp_Gradient_S2_S1; Applied_Voltage_kV
TST-0038,18.1367,Valid,16.6995,19.5739,2.8744,1.4372,20.4807,29.4353,34.4444,42.724,11.9934,11.0251,16.1573,59.9431,0.609,Normal Operating Condition,False,None,None,Normal,Sensor readings conform to physical electro-thermal equilibrium,N/A (Normal),2.362,False,None,2.362,0.178,0.174,0.609,Test_Duration_min; Sensor_S4,Load_Current_A; Sensor_S2; Power_Proxy_kVA
TST-0213,13.4976,Invalid,12.0604,14.9348,2.8744,1.4372,10.7815,28.643,34.0578,35.4683,6.9661,-1.5509,8.8519,62.5186,8.9897,Sensor_S2 physical deviation (8.99 deg C > threshold 1.25),True,Sensor Dropout,Sensor_S2,Critical,Sensor_S2 registered negative drop of 8.99 deg C below expectation (potential loose thermocouple),"100.0% (Z=27.51, residual=8.99 C)",36.411,True,Sensor_S2,36.411,-0.151,-8.99,-0.377,Test_Duration_min; Applied_Voltage_kV; Sensor_S4,Load_Current_A; Sensor_S2; Ambient_Plus_Terminal
TST-0309,16.2421,Valid,14.8049,17.6793,2.8744,1.4372,16.9895,17.5129,33.8638,56.0507,9.9273,8.9823,13.4577,51.5367,0.7592,Normal Operating Condition,False,None,None,Normal,Sensor readings conform to physical electro-thermal equilibrium,N/A (Normal),1.914,False,None,1.914,0.444,0.349,0.759,Test_Duration_min; Temp_Gradient_S3_S1; Sensor_S4; Applied_Voltage_kV,Load_Current_A; Sensor_S2; Power_Proxy_kVA
TST-0059,32.8891,Valid,31.4519,34.3263,2.8744,1.4372,26.0591,88.9589,25.7851,45.9196,17.9376,17.6153,22.2194,18.7081,0.2232,Normal Operating Condition,False,None,None,Normal,Sensor readings conform to physical electro-thermal equilibrium,N/A (Normal),1.466,False,None,1.466,0.164,-0.223,0.117,Load_Current_A; Sensor_S2; Power_Proxy_kVA; Terminal_TempRise_Mean,Ambient_Plus_Terminal; Ambient_Temperature_C; Temp_Gradient_S2_S1
TST-0159,18.5291,Valid,17.0919,19.9663,2.8744,1.4372,14.5463,57.661,38.2906,20.6185,10.4681,11.2563,13.0968,37.4784,0.0548,Normal Operating Condition,False,None,None,Normal,Sensor readings conform to physical electro-thermal equilibrium,N/A (Normal),0.531,False,None,0.531,-0.055,0.051,-0.004,Temp_Gradient_S2_S1,Load_Current_A; Sensor_S2; Power_Proxy_kVA
TST-0235,19.8472,Valid,18.41,21.2844,2.8744,1.4372,24.6289,45.278,33.5233,12.4976,14.391,13.5201,18.5109,29.2481,0.5064,Normal Operating Condition,False,None,None,Normal,Sensor readings conform to physical electro-thermal equilibrium,N/A (Normal),1.434,False,None,1.434,-0.289,-0.109,-0.506,Sensor_S2; Terminal_TempRise_Mean; Sensor_S4; Sensor_S1,Load_Current_A; Ambient_Plus_Terminal; Power_Proxy_kVA
TST-0230,21.0769,Valid,19.6397,22.5141,2.8744,1.4372,28.5679,29.2333,43.2231,21.0961,15.5132,13.8946,20.5476,35.2323,0.2718,Normal Operating Condition,False,None,None,Normal,Sensor readings conform to physical electro-thermal equilibrium,N/A (Normal),1.762,False,None,1.762,-0.173,0.272,-0.227,Ambient_Plus_Terminal; Sensor_S2; Terminal_TempRise_Mean; Sensor_S3,Load_Current_A; Power_Proxy_kVA; Temp_Gradient_S2_S1
TST-0323,38.3616,Valid,36.9244,39.7988,2.8744,1.4372,30.4644,65.3099,49.9651,54.9056,19.0634,18.3442,24.6539,48.6103,0.9983,Normal Operating Condition,True,Calibration Drift,Sensor_S2,Warning,Sensor_S2 shows borderline persistent bias of 1.00 deg C,99.8% (Z=3.06),3.123,False,None,3.123,0.479,0.998,0.868,Ambient_Plus_Terminal; Ambient_Temperature_C; Sensor_S2; Power_Proxy_kVA,Load_Current_A; Temp_Gradient_S2_S1; Applied_Voltage_kV
TST-0262,18.6145,Valid,17.1773,20.0517,2.8744,1.4372,22.5914,26.1866,39.8922,21.0825,12.7251,11.6936,16.874,50.0599,0.391,Normal Operating Condition,False,None,None,Normal,Sensor readings conform to physical electro-thermal equilibrium,N/A (Normal),1.403,False,None,1.403,0.075,0.391,0.12,Ambient_Plus_Terminal; Sensor_S4,Load_Current_A; Power_Proxy_kVA; Sensor_S2
TST-0274,14.1911,Valid,12.7539,15.6283,2.8744,1.4372,11.3002,40.7979,18.0,30.5309,7.929,7.6853,9.9791,41.6685,0.9664,Normal Operating Condition,True,Multi-Sensor Correlation Anomaly,Sensor_S2,Warning,Cross-sensor residuals disagree with the robust covariance pattern (Mahalanobis D=3.61 > 3.37),99.5% (chi2 p=0.0046),3.609,True,Sensor_S2,3.609,-0.107,-0.966,-0.186,Applied_Voltage_kV; Sensor_S4,Load_Current_A; Sensor_S2; Ambient_Plus_Terminal
TST-0214,48.3867,Valid,46.9495,49.8239,2.8744,1.4372,12.8139,109.76,35.6494,39.5568,12.7839,15.0484,14.9072,34.461,0.3535,Normal Operating Condition,False,None,None,Normal,Sensor readings conform to physical electro-thermal equilibrium,N/A (Normal),1.157,False,None,1.157,0.222,0.008,0.353,Load_Current_A; Temp_Gradient_S2_S1; Sensor_S2; Test_Duration_min,Ambient_Plus_Terminal; Power_Proxy_kVA; Sensor_S1
TST-0024,39.914,Valid,38.4768,41.3512,2.8744,1.4372,20.4345,95.5788,39.3619,43.8984,15.8176,17.0011,19.5139,50.2044,0.7265,Normal Operating Condition,False,None,None,Normal,Sensor readings conform to physical electro-thermal equilibrium,N/A (Normal),1.981,False,None,1.981,0.379,0.539,0.727,Load_Current_A; Sensor_S2; Power_Proxy_kVA; Ambient_Plus_Terminal,Temp_Gradient_S3_S1; Sensor_S3
TST-0234,17.5596,Valid,16.1224,18.9968,2.8744,1.4372,23.7405,21.0849,27.3178,22.9669,12.8624,11.0039,16.9662,,0.2802,Normal Operating Condition,False,None,None,Normal,Sensor readings conform to physical electro-thermal equilibrium,N/A (Normal),1.274,False,None,1.274,-0.058,-0.261,-0.28,Terminal_TempRise_Mean; Temp_Gradient_S3_S1; Applied_Voltage_kV,Load_Current_A; Ambient_Plus_Terminal; Sensor_S2
TST-0333,21.732,Valid,20.2948,23.1692,2.8744,1.4372,8.8163,78.9726,25.8768,35.6988,9.079,10.9973,10.4959,38.514,0.1319,Normal Operating Condition,False,None,None,Normal,Sensor readings conform to physical electro-thermal equilibrium,N/A (Normal),0.963,False,None,0.963,0.132,-0.045,0.052,Temp_Gradient_S2_S1; Applied_Voltage_kV; Sensor_S4; Test_Duration_min,Ambient_Plus_Terminal; Sensor_S2; Power_Proxy_kVA
TST-0060,20.0809,Valid,18.6437,21.5181,2.8744,1.4372,25.2068,30.6893,44.595,15.0251,14.1027,12.7647,18.45,33.3171,0.2205,Normal Operating Condition,False,None,None,Normal,Sensor readings conform to physical electro-thermal equilibrium,N/A (Normal),1.548,False,None,1.548,-0.051,0.177,-0.221,Ambient_Plus_Terminal; Sensor_S2; Terminal_TempRise_Mean; Ambient_Temperature_C,Load_Current_A; Power_Proxy_kVA; Temp_Gradient_S2_S1
TST-0226,36.0921,Valid,34.6549,37.5293,2.8744,1.4372,18.2307,93.4426,32.689,59.7919,14.7108,15.8764,17.7381,63.5371,0.4833,Normal Operating Condition,False,None,None,Normal,Sensor readings conform to physical electro-thermal equilibrium,N/A (Normal),1.957,False,None,1.957,0.448,0.356,0.483,Load_Current_A; Power_Proxy_kVA; Sensor_S2; Temp_Gradient_S2_S1,Ambient_Plus_Terminal; Ambient_Temperature_C; Sensor_S1
TST-0197,16.2771,Valid,14.8399,17.7143,2.8744,1.4372,11.0812,58.1698,26.2404,56.4312,9.1219,9.9809,10.9111,50.6092,0.2341,Normal Operating Condition,False,None,None,Normal,Sensor readings conform to physical electro-thermal equilibrium,N/A (Normal),1.998,False,None,1.998,0.234,-0.073,0.029,Test_Duration_min; Temp_Gradient_S2_S1; Applied_Voltage_kV; Sensor_S4,Load_Current_A; Sensor_S2; Ambient_Plus_Terminal
TST-0346,41.7363,Valid,40.2991,43.1735,2.8744,1.4372,9.3579,102.8407,36.2155,20.0467,10.3304,13.2904,11.9193,55.926,0.1919,Normal Operating Condition,False,None,None,Normal,Sensor readings conform to physical electro-thermal equilibrium,N/A (Normal),1.482,False,None,1.482,-0.192,0.03,-0.055,Load_Current_A; Temp_Gradient_S2_S1; Applied_Voltage_kV; Ambient_Temperature_C,Ambient_Plus_Terminal; Sensor_S2; Power_Proxy_kVA
TST-0192,26.0207,Valid,24.5835,27.4579,2.8744,1.4372,8.9223,72.6009,46.0234,34.0276,8.9388,11.0353,10.6472,42.0529,0.4981,Normal Operating Condition,False,None,None,Normal,Sensor readings conform to physical electro-thermal equilibrium,N/A (Normal),1.583,False,None,1.583,0.292,0.498,0.45,Ambient_Plus_Terminal; Temp_Gradient_S2_S1; Ambient_Temperature_C; Applied_Voltage_kV,Sensor_S2; Load_Current_A; Power_Proxy_kVA
TST-0141,29.2427,Valid,27.8055,30.6799,2.8744,1.4372,13.3048,85.0505,34.3735,30.9222,11.8451,13.4712,14.2471,53.0853,0.5967,Normal Operating Condition,False,None,None,Normal,Sensor readings conform to physical electro-thermal equilibrium,N/A (Normal),1.59,False,None,1.59,0.409,0.364,0.597,Load_Current_A; Temp_Gradient_S2_S1; Applied_Voltage_kV; Terminal_TempRise_Mean,Ambient_Plus_Terminal; Power_Proxy_kVA; Sensor_S2
TST-0222,38.1269,Invalid,36.6897,39.5641,2.8744,1.4372,18.2133,97.1809,34.1877,21.9663,23.8557,15.6728,16.9729,48.4971,9.3951,Sensor_S1 physical deviation (9.40 deg C > threshold 1.25),True,Sensor Spike,Sensor_S1,Critical,Sensor_S1 registered abrupt positive spike of 9.40 deg C above thermodynamic expectation,"100.0% (Z=35.88, residual=9.40 C)",88.208,True,Sensor_S1,88.208,9.395,-0.16,-0.455,Load_Current_A; Ambient_Plus_Terminal; Power_Proxy_kVA; Sensor_S2,Temp_Gradient_S2_S1; Test_Duration_min; Ambient_Temperature_C
TST-0232,19.5295,Valid,18.0923,20.9667,2.8744,1.4372,24.5438,29.1066,33.8957,51.3796,14.2696,12.5722,18.8456,46.9703,0.6826,Normal Operating Condition,False,None,None,Normal,Sensor readings conform to physical electro-thermal equilibrium,N/A (Normal),2.013,False,None,2.013,0.522,0.348,0.683,Sensor_S2; Test_Duration_min; Terminal_TempRise_Mean; Sensor_S1,Load_Current_A; Power_Proxy_kVA; Ambient_Plus_Terminal
TST-0085,23.5363,Valid,22.0991,24.9735,2.8744,1.4372,9.1909,73.9445,38.1861,33.4457,8.7382,10.6618,10.5879,31.6637,0.1502,Normal Operating Condition,False,None,None,Normal,Sensor readings conform to physical electro-thermal equilibrium,N/A (Normal),2.005,False,None,2.005,-0.112,-0.082,0.15,Temp_Gradient_S2_S1; Applied_Voltage_kV; Ambient_Temperature_C; Sensor_S4,Sensor_S2; Load_Current_A; Power_Proxy_kVA
TST-0237,33.8148,Valid,32.3776,35.252,2.8744,1.4372,23.4683,86.3329,34.592,6.3724,16.081,16.3356,19.9149,51.4961,0.3861,Normal Operating Condition,False,None,None,Normal,Sensor readings conform to physical electro-thermal equilibrium,N/A (Normal),1.413,False,None,1.413,-0.304,-0.386,-0.38,Load_Current_A; Sensor_S2; Power_Proxy_kVA; Ambient_Plus_Terminal,Test_Duration_min; Ambient_Temperature_C; Temp_Gradient_S3_S1
TST-0001,40.3341,Valid,38.8969,41.7713,2.8744,1.4372,21.4779,83.3627,48.7452,15.973,15.1441,16.1991,18.7374,49.9536,0.4165,Normal Operating Condition,False,None,None,Normal,Sensor readings conform to physical electro-thermal equilibrium,N/A (Normal),2.069,False,None,2.069,-0.122,0.416,-0.122,Ambient_Plus_Terminal; Load_Current_A; Ambient_Temperature_C; Sensor_S2,Test_Duration_min
TST-0069,16.5743,Valid,15.1371,18.0115,2.8744,1.4372,10.5913,56.2404,38.0572,10.1248,8.314,9.5955,10.2184,46.0362,0.2511,Normal Operating Condition,False,None,None,Normal,Sensor readings conform to physical electro-thermal equilibrium,N/A (Normal),0.987,False,None,0.987,-0.232,-0.125,-0.251,Temp_Gradient_S2_S1; Applied_Voltage_kV; Ambient_Temperature_C,Load_Current_A; Sensor_S2; Power_Proxy_kVA
TST-0272,23.1218,Valid,21.6846,24.559,2.8744,1.4372,8.1451,78.0445,33.3319,10.2305,8.8259,10.9604,10.3403,43.451,0.3771,Normal Operating Condition,False,None,None,Normal,Sensor readings conform to physical electro-thermal equilibrium,N/A (Normal),0.99,False,None,0.99,0.252,0.228,0.377,Temp_Gradient_S2_S1; Applied_Voltage_kV,Sensor_S2; Ambient_Plus_Terminal; Power_Proxy_kVA
TST-0343,33.9886,Valid,32.5514,35.4258,2.8744,1.4372,9.6751,97.0962,26.3661,13.822,10.3682,12.6952,12.0466,56.9168,0.1855,Normal Operating Condition,False,None,None,Normal,Sensor readings conform to physical electro-thermal equilibrium,N/A (Normal),1.383,False,None,1.383,0.01,-0.185,0.151,Load_Current_A; Temp_Gradient_S2_S1; Applied_Voltage_kV,Ambient_Plus_Terminal; Sensor_S2; Power_Proxy_kVA
TST-0320,26.4902,Valid,25.053,27.9274,2.8744,1.4372,17.078,77.5735,36.7631,6.1072,12.4342,13.5067,15.3888,57.24,0.4011,Normal Operating Condition,False,None,None,Normal,Sensor readings conform to physical electro-thermal equilibrium,N/A (Normal),2.067,False,None,2.067,-0.401,-0.266,-0.335,Temp_Gradient_S2_S1; Sensor_S2; Ambient_Plus_Terminal; Ambient_Temperature_C,Load_Current_A; Power_Proxy_kVA; Test_Duration_min
TST-0008,34.1345,Invalid,32.6973,35.5717,2.8744,1.4372,25.4239,67.2428,45.0388,37.7633,13.6332,22.7995,20.9814,41.1833,7.0274,Sensor_S1 physical deviation (2.64 deg C > threshold 1.25); Sensor_S2 physical deviation (7.03 deg C > threshold 1.25),True,Other Sensor Anomaly,"Sensor_S1, Sensor_S2",Critical,"Simultaneous multi-sensor deviation on Sensor_S1, Sensor_S2",100.0% (Max Z=21.51),37.98,True,"Sensor_S2, Sensor_S1",37.98,-2.638,7.027,0.364,Ambient_Plus_Terminal; Sensor_S2; Power_Proxy_kVA; Temp_Gradient_S2_S1,Load_Current_A
TST-0144,23.3238,Valid,21.8866,24.761,2.8744,1.4372,31.8923,31.0437,46.4747,12.0202,16.8424,14.9533,22.5287,41.7626,0.5391,Normal Operating Condition,False,None,None,Normal,Sensor readings conform to physical electro-thermal equilibrium,N/A (Normal),2.831,False,None,2.831,-0.539,0.03,-0.488,Ambient_Plus_Terminal; Sensor_S2; Ambient_Temperature_C; Terminal_TempRise_Mean,Load_Current_A; Temp_Gradient_S2_S1; Power_Proxy_kVA
TST-0184,21.7716,Valid,20.3344,23.2088,2.8744,1.4372,27.648,55.8922,34.1545,19.9183,16.9077,15.6656,21.776,35.5268,0.2792,Normal Operating Condition,False,None,None,Normal,Sensor readings conform to physical electro-thermal equilibrium,N/A (Normal),0.779,False,None,0.779,0.194,0.092,0.279,Sensor_S2; Terminal_TempRise_Mean; Power_Proxy_kVA; Sensor_S3,Load_Current_A; Temp_Gradient_S2_S1; Test_Duration_min
TST-0107,55.0576,Valid,53.6204,56.4948,2.8744,1.4372,19.4864,106.0619,54.3637,6.589,15.2653,17.3427,18.637,58.9231,0.3158,Normal Operating Condition,False,None,None,Normal,Sensor readings conform to physical electro-thermal equilibrium,N/A (Normal),2.777,False,None,2.777,-0.296,0.316,-0.055,Load_Current_A; Ambient_Plus_Terminal; Ambient_Temperature_C; Sensor_S2,Test_Duration_min; Sensor_S4
TST-0026,41.6568,Valid,40.2196,43.094,2.8744,1.4372,22.2404,99.3845,35.4165,21.2065,16.3566,17.2202,19.6217,70.1785,0.5231,Normal Operating Condition,False,None,None,Normal,Sensor readings conform to physical electro-thermal equilibrium,N/A (Normal),1.942,False,None,1.942,-0.158,-0.188,-0.523,Load_Current_A; Sensor_S2; Power_Proxy_kVA; Temp_Gradient_S2_S1,Test_Duration_min; Ambient_Temperature_C; Sensor_S3
TST-0164,42.9116,Valid,41.4744,44.3488,2.8744,1.4372,17.8815,101.4197,33.0231,44.189,14.6114,16.123,17.2649,40.4544,0.158,Normal Operating Condition,False,None,None,Normal,Sensor readings conform to physical electro-thermal equilibrium,N/A (Normal),1.699,False,None,1.699,0.076,0.045,-0.158,Load_Current_A; Sensor_S2; Power_Proxy_kVA; Temp_Gradient_S2_S1,Ambient_Plus_Terminal; Ambient_Temperature_C; Sensor_S1
TST-0217,32.3398,Valid,30.9026,33.777,2.8744,1.4372,31.8161,87.9172,19.6772,55.8612,20.8422,19.6316,26.2487,35.6528,0.4702,Normal Operating Condition,True,Genuine High-Temperature Operation,None (Equipment Alert),Warning,Sensors remain within physical residual bounds (|e| <= 1.25 deg C) and are jointly consistent; elevated temperature is consistent with high load rather than a sensor fault.,Physical Equilibrium Confirmed (MD=2.01),2.011,False,None,2.011,0.363,-0.104,0.47,Load_Current_A; Sensor_S2; Power_Proxy_kVA; Terminal_TempRise_Mean,Ambient_Plus_Terminal; Ambient_Temperature_C; Temp_Gradient_S2_S1
TST-0332,27.6955,Invalid,26.2583,29.1327,2.8744,1.4372,29.7448,82.0074,28.7318,21.8793,19.2792,,24.3918,50.8053,10.0,Missing readings in critical sensors: Sensor_S2,True,Missing Critical Sensor,Sensor_S2,Critical,Channel communication loss or unrecorded sensor in Sensor_S2,100.0% (Deterministic Rule),0.0,False,None,0.0,0.12,0.0,0.247,Load_Current_A; Power_Proxy_kVA; Terminal_TempRise_Mean; Sensor_S1,Ambient_Plus_Terminal; Temp_Gradient_S2_S1; Sensor_S2
TST-0279,23.984,Valid,22.5468,25.4212,2.8744,1.4372,21.7749,62.7317,35.7581,6.9035,13.8373,13.8483,17.5146,53.7516,0.5173,Normal Operating Condition,False,None,None,Normal,Sensor readings conform to physical electro-thermal equilibrium,N/A (Normal),1.738,False,None,1.738,-0.434,-0.282,-0.517,Sensor_S2; Terminal_TempRise_Mean; Ambient_Temperature_C; Sensor_S3,Load_Current_A; Test_Duration_min; Power_Proxy_kVA
TST-0243,18.6511,Valid,17.2139,20.0883,2.8744,1.4372,21.7708,39.1138,28.7709,54.9118,13.3002,12.0503,17.489,52.7723,0.627,Normal Operating Condition,False,None,None,Normal,Sensor readings conform to physical electro-thermal equilibrium,N/A (Normal),2.323,False,None,2.323,0.332,-0.069,0.627,Test_Duration_min; Terminal_TempRise_Mean; Sensor_S3,Load_Current_A; Ambient_Plus_Terminal; Power_Proxy_kVA
TST-0163,20.5546,Valid,19.1174,21.9918,2.8744,1.4372,22.7286,58.8769,33.1117,24.6777,14.258,13.8093,18.0511,55.444,0.4078,Normal Operating Condition,False,None,None,Normal,Sensor readings conform to physical electro-thermal equilibrium,N/A (Normal),1.107,False,None,1.107,-0.259,-0.322,-0.408,Sensor_S2; Terminal_TempRise_Mean; Sensor_S3; Sensor_S1,Load_Current_A; Ambient_Plus_Terminal; Temp_Gradient_S2_S1
TST-0131,29.3252,Valid,27.888,30.7624,2.8744,1.4372,17.6913,88.751,24.1964,6.65,13.3136,14.3931,16.3243,55.5209,0.5421,Normal Operating Condition,False,None,None,Normal,Sensor readings conform to physical electro-thermal equilibrium,N/A (Normal),2.697,False,None,2.697,-0.432,-0.542,-0.349,Load_Current_A; Power_Proxy_kVA; Temp_Gradient_S2_S1; Terminal_TempRise_Mean,Ambient_Plus_Terminal; Ambient_Temperature_C; Test_Duration_min
TST-0070,16.3872,Valid,14.95,17.8244,2.8744,1.4372,16.1736,18.3843,41.2771,17.7339,9.3211,8.864,12.6668,38.2243,0.4536,Normal Operating Condition,False,None,None,Normal,Sensor readings conform to physical electro-thermal equilibrium,N/A (Normal),1.608,False,None,1.608,0.182,0.438,0.454,Ambient_Plus_Terminal; Applied_Voltage_kV; Temp_Gradient_S3_S1,Load_Current_A; Sensor_S2; Power_Proxy_kVA
TST-0137,18.5309,Valid,17.0937,19.9681,2.8744,1.4372,14.8974,58.1498,38.5729,29.9819,10.55,11.3101,13.4046,48.1728,0.1683,Normal Operating Condition,False,None,None,Normal,Sensor readings conform to physical electro-thermal equilibrium,N/A (Normal),1.872,False,None,1.872,-0.168,-0.058,0.052,Temp_Gradient_S2_S1; Applied_Voltage_kV,Load_Current_A; Sensor_S2; Power_Proxy_kVA
TST-0210,29.3603,Valid,27.9231,30.7975,2.8744,1.4372,14.6736,85.4613,35.2264,20.4854,11.6721,13.2496,13.9598,53.0738,0.5972,Normal Operating Condition,False,None,None,Normal,Sensor readings conform to physical electro-thermal equilibrium,N/A (Normal),1.708,False,None,1.708,-0.444,-0.365,-0.597,Load_Current_A; Temp_Gradient_S2_S1; Applied_Voltage_kV; Ambient_Temperature_C,Ambient_Plus_Terminal; Power_Proxy_kVA; Sensor_S2
TST-0288,20.8968,Valid,19.4596,22.334,2.8744,1.4372,8.5398,70.5543,28.757,53.8123,8.67,10.403,10.1043,42.7941,0.3195,Normal Operating Condition,False,None,None,Normal,Sensor readings conform to physical electro-thermal equilibrium,N/A (Normal),1.669,False,None,1.669,0.32,0.172,0.256,Temp_Gradient_S2_S1; Test_Duration_min; Applied_Voltage_kV,Ambient_Plus_Terminal; Load_Current_A; Sensor_S2
TST-0248,17.9775,Valid,16.5403,19.4147,2.8744,1.4372,13.6352,48.8842,42.691,49.8638,9.649,10.5112,12.0659,35.2541,0.3663,Normal Operating Condition,False,None,None,Normal,Sensor readings conform to physical electro-thermal equilibrium,N/A (Normal),1.641,False,None,1.641,0.047,0.366,-0.011,Ambient_Plus_Terminal; Test_Duration_min; Temp_Gradient_S2_S1; Applied_Voltage_kV,Load_Current_A; Sensor_S2; Power_Proxy_kVA
TST-0277,22.2975,Invalid,20.8603,23.7347,2.8744,1.4372,17.8784,65.2896,31.6423,15.7488,12.2564,12.5849,15.3558,,5.0,Identical duplicate operational setpoint with conflicting record,True,Duplicate Setpoint Conflict,Multiple,Critical,Test bench data acquisition logged duplicate operational setpoints with conflicting records,100.0% (Deterministic Rule),1.727,False,None,1.727,-0.286,-0.419,-0.279,,Load_Current_A; Ambient_Plus_Terminal; Power_Proxy_kVA
TST-0215,22.0009,Valid,20.5637,23.4381,2.8744,1.4372,11.3042,71.4269,30.6505,22.6426,9.8491,11.3403,11.8964,51.6609,0.2147,Normal Operating Condition,False,None,None,Normal,Sensor readings conform to physical electro-thermal equilibrium,N/A (Normal),0.558,False,None,0.558,0.124,0.082,0.215,Temp_Gradient_S2_S1; Applied_Voltage_kV; Sensor_S4,Load_Current_A; Ambient_Plus_Terminal; Sensor_S2
TST-0138,16.3143,Valid,14.8771,17.7515,2.8744,1.4372,12.4694,44.4718,38.6588,9.1319,8.6208,9.5386,11.1269,67.1075,0.1785,Normal Operating Condition,False,None,None,Normal,Sensor readings conform to physical electro-thermal equilibrium,N/A (Normal),1.866,False,None,1.866,-0.178,0.171,0.023,Temp_Gradient_S2_S1; Applied_Voltage_kV; Ambient_Temperature_C; Sensor_S4,Load_Current_A; Sensor_S2; Power_Proxy_kVA
TST-0228,17.5262,Valid,16.089,18.9634,2.8744,1.4372,18.2833,48.4447,26.3669,26.3565,11.8687,11.4489,15.1515,48.4793,0.2615,Normal Operating Condition,False,None,None,Normal,Sensor readings conform to physical electro-thermal equilibrium,N/A (Normal),1.283,False,None,1.283,0.06,-0.262,0.087,,Load_Current_A; Ambient_Plus_Terminal; Sensor_S2
TST-0252,49.454,Valid,48.0168,50.8912,2.8744,1.4372,27.0461,102.1976,42.6844,26.1723,18.9775,19.6096,23.49,24.2043,0.3045,Normal Operating Condition,True,Genuine High-Temperature Operation,None (Equipment Alert),Warning,Sensors remain within physical residual bounds (|e| <= 1.25 deg C) and are jointly consistent; elevated temperature is consistent with high load rather than a sensor fault.,Physical Equilibrium Confirmed (MD=1.19),1.192,False,None,1.192,0.001,0.304,0.094,Load_Current_A; Sensor_S2; Ambient_Plus_Terminal; Power_Proxy_kVA,Test_Duration_min; Applied_Voltage_kV; Ambient_Temperature_C
TST-0205,29.7136,Valid,28.2764,31.1508,2.8744,1.4372,16.7117,78.4569,43.4091,56.5092,13.2271,14.4759,16.2573,77.2158,0.7543,Normal Operating Condition,False,None,None,Normal,Sensor readings conform to physical electro-thermal equilibrium,N/A (Normal),2.521,False,None,2.521,0.519,0.754,0.727,Ambient_Plus_Terminal; Sensor_S2; Temp_Gradient_S2_S1; Load_Current_A,Power_Proxy_kVA; Sensor_S1; Temp_Gradient_S3_S1
TST-0348,22.469,Valid,21.0318,23.9062,2.8744,1.4372,19.6041,68.2626,28.2301,21.4071,13.3068,13.5327,16.7105,52.0323,0.3191,Normal Operating Condition,False,None,None,Normal,Sensor readings conform to physical electro-thermal equilibrium,N/A (Normal),1.479,False,None,1.479,-0.228,-0.319,-0.189,Terminal_TempRise_Mean; Sensor_S2,Load_Current_A; Ambient_Plus_Terminal; Power_Proxy_kVA
TST-0177,22.6447,Valid,21.2075,24.0819,2.8744,1.4372,28.1438,50.8521,44.1524,6.2872,16.365,15.5015,21.0258,47.8062,0.543,Normal Operating Condition,False,None,None,Normal,Sensor readings conform to physical electro-thermal equilibrium,N/A (Normal),2.404,False,None,2.404,-0.309,0.186,-0.543,Sensor_S2; Ambient_Plus_Terminal; Terminal_TempRise_Mean; Sensor_S3,Load_Current_A; Temp_Gradient_S2_S1; Test_Duration_min
TST-0267,37.9671,Valid,36.5299,39.4043,2.8744,1.4372,15.5326,98.8612,26.1891,37.4816,13.3725,15.0073,15.741,68.1904,0.1059,Normal Operating Condition,False,None,None,Normal,Sensor readings conform to physical electro-thermal equilibrium,N/A (Normal),1.152,False,None,1.152,0.106,-0.044,-0.035,Load_Current_A; Power_Proxy_kVA; Temp_Gradient_S2_S1; Test_Duration_min,Ambient_Plus_Terminal; Ambient_Temperature_C; Sensor_S1
TST-0308,23.1864,Valid,21.7492,24.6236,2.8744,1.4372,31.3575,46.7102,36.0213,56.2694,18.3071,16.4349,23.8857,56.9309,0.4407,Normal Operating Condition,False,None,None,Normal,Sensor readings conform to physical electro-thermal equilibrium,N/A (Normal),1.343,False,None,1.343,0.319,0.363,0.441,Sensor_S2; Ambient_Plus_Terminal; Terminal_TempRise_Mean; Power_Proxy_kVA,Load_Current_A; Temp_Gradient_S2_S1; Ambient_Temperature_C
TST-0087,42.9247,Invalid,41.4875,44.3619,2.8744,1.4372,8.7356,97.6913,47.4981,17.567,6.452,18.7411,11.7155,56.8184,6.1338,Sensor_S1 physical deviation (3.49 deg C > threshold 1.25); Sensor_S2 physical deviation (6.13 deg C > threshold 1.25),True,Other Sensor Anomaly,"Sensor_S1, Sensor_S2",Critical,"Simultaneous multi-sensor deviation on Sensor_S1, Sensor_S2",100.0% (Max Z=18.77),41.404,True,"Sensor_S1, Sensor_S2",41.404,-3.488,6.134,0.399,Load_Current_A; Sensor_S2; Ambient_Plus_Terminal; Temp_Gradient_S2_S1,Power_Proxy_kVA; Test_Duration_min; Sensor_S1
TST-0117,17.1041,Valid,15.6669,18.5413,2.8744,1.4372,18.2374,33.1953,29.8177,27.3505,11.1673,10.5207,14.6017,37.2978,0.3201,Normal Operating Condition,False,None,None,Normal,Sensor readings conform to physical electro-thermal equilibrium,N/A (Normal),0.871,False,None,0.871,0.221,0.123,0.32,,Load_Current_A; Sensor_S2; Ambient_Plus_Terminal
TST-0014,18.4319,Valid,16.9947,19.8691,2.8744,1.4372,11.9986,40.0465,47.1689,38.635,8.4501,9.1801,10.8847,62.8068,0.3514,Normal Operating Condition,False,None,None,Normal,Sensor readings conform to physical electro-thermal equilibrium,N/A (Normal),1.224,False,None,1.224,0.121,0.351,0.304,Ambient_Plus_Terminal; Ambient_Temperature_C; Applied_Voltage_kV; Temp_Gradient_S2_S1,Load_Current_A; Sensor_S2; Power_Proxy_kVA
TST-0154,24.7334,Valid,23.2962,26.1706,2.8744,1.4372,17.2559,43.3786,51.0362,42.7018,10.9538,11.0856,14.1726,38.733,0.1605,Normal Operating Condition,False,None,None,Normal,Sensor readings conform to physical electro-thermal equilibrium,N/A (Normal),1.072,False,None,1.072,-0.083,0.16,0.023,Ambient_Plus_Terminal; Ambient_Temperature_C; Test_Duration_min; Applied_Voltage_kV,Load_Current_A; Power_Proxy_kVA; Sensor_S2
TST-0207,47.0759,Valid,45.6387,48.5131,2.8744,1.4372,14.5264,106.1177,41.6384,18.1779,12.8167,15.1178,15.1902,40.4125,0.3668,Normal Operating Condition,False,None,None,Normal,Sensor readings conform to physical electro-thermal equilibrium,N/A (Normal),1.926,False,None,1.926,-0.367,-0.203,-0.292,Load_Current_A; Ambient_Plus_Terminal; Temp_Gradient_S2_S1; Power_Proxy_kVA,Test_Duration_min; Sensor_S1; Sensor_S3
TST-0187,21.6337,Valid,20.1965,23.0709,2.8744,1.4372,12.1458,68.3722,34.7933,12.528,9.5565,10.7317,11.5441,34.0312,0.5574,Normal Operating Condition,False,None,None,Normal,Sensor readings conform to physical electro-thermal equilibrium,N/A (Normal),1.929,False,None,1.929,-0.404,-0.557,-0.532,Temp_Gradient_S2_S1; Applied_Voltage_kV; Sensor_S4,Load_Current_A; Sensor_S2; Ambient_Plus_Terminal
TST-0236,21.342,Valid,19.9048,22.7792,2.8744,1.4372,26.2617,37.5796,41.7604,39.0344,15.0563,13.9317,19.7045,47.189,0.3942,Normal Operating Condition,False,None,None,Normal,Sensor readings conform to physical electro-thermal equilibrium,N/A (Normal),1.629,False,None,1.629,0.017,0.394,0.01,Sensor_S2; Ambient_Plus_Terminal; Terminal_TempRise_Mean; Test_Duration_min,Load_Current_A; Power_Proxy_kVA; Temp_Gradient_S2_S1
TST-0283,36.3771,Invalid,34.9399,37.8143,2.8744,1.4372,22.897,95.8809,37.4331,44.9555,16.6481,11.3332,20.3406,35.3012,6.0037,Sensor_S2 physical deviation (6.00 deg C > threshold 1.25),True,Sensor Dropout,Sensor_S2,Critical,Sensor_S2 registered negative drop of 6.00 deg C below expectation (potential loose thermocouple),"100.0% (Z=18.38, residual=6.00 C)",24.738,True,Sensor_S2,24.738,0.011,-6.004,-0.056,Load_Current_A; Power_Proxy_kVA; Ambient_Plus_Terminal; Test_Duration_min,Sensor_S2; Temp_Gradient_S2_S1; Sensor_S4
TST-0089,18.2207,Valid,16.7835,19.6579,2.8744,1.4372,24.0388,25.539,31.5788,25.3746,13.2777,11.704,17.6447,49.1832,0.0426,Normal Operating Condition,False,None,None,Normal,Sensor readings conform to physical electro-thermal equilibrium,N/A (Normal),0.251,False,None,0.251,-0.031,-0.043,-0.015,Terminal_TempRise_Mean; Sensor_S3,Load_Current_A; Ambient_Plus_Terminal; Power_Proxy_kVA
TST-0202,23.5299,Valid,22.0927,24.9671,2.8744,1.4372,11.3441,63.4349,41.9715,44.1564,9.3744,10.7915,11.3414,62.9387,0.1989,Normal Operating Condition,False,None,None,Normal,Sensor readings conform to physical electro-thermal equilibrium,N/A (Normal),0.924,False,None,0.924,0.07,0.199,0.029,Ambient_Plus_Terminal; Temp_Gradient_S2_S1; Test_Duration_min; Applied_Voltage_kV,Load_Current_A; Sensor_S2; Power_Proxy_kVA
TST-0160,18.4254,Valid,16.9882,19.8626,2.8744,1.4372,21.282,22.2969,37.5571,58.1347,12.3503,11.1686,16.3393,68.486,0.6485,Normal Operating Condition,False,None,None,Normal,Sensor readings conform to physical electro-thermal equilibrium,N/A (Normal),2.601,False,None,2.601,0.543,0.648,0.625,Test_Duration_min; Temp_Gradient_S3_S1,Load_Current_A; Sensor_S2; Power_Proxy_kVA
TST-0036,25.8367,Valid,24.3995,27.2739,2.8744,1.4372,19.8959,64.1403,43.1265,40.0879,13.3551,13.5811,16.7817,38.7261,0.1031,Normal Operating Condition,False,None,None,Normal,Sensor readings conform to physical electro-thermal equilibrium,N/A (Normal),0.411,False,None,0.411,-0.092,-0.021,-0.103,Ambient_Plus_Terminal; Test_Duration_min; Terminal_TempRise_Mean; Ambient_Temperature_C,Load_Current_A; Power_Proxy_kVA; Temp_Gradient_S2_S1
TST-0275,47.5431,Valid,46.1059,48.9803,2.8744,1.4372,16.8996,108.1387,31.375,33.9034,14.6112,16.3715,17.1263,58.961,0.1773,Normal Operating Condition,False,None,None,Normal,Sensor readings conform to physical electro-thermal equilibrium,N/A (Normal),1.6,False,None,1.6,0.177,0.06,0.007,Load_Current_A; Sensor_S2; Power_Proxy_kVA; Temp_Gradient_S2_S1,Ambient_Plus_Terminal; Ambient_Temperature_C
TST-0023,33.7926,Valid,32.3554,35.2298,2.8744,1.4372,25.754,83.4417,39.647,49.0086,17.5538,17.3711,22.1651,51.6814,0.5331,Normal Operating Condition,False,None,None,Normal,Sensor readings conform to physical electro-thermal equilibrium,N/A (Normal),1.717,False,None,1.717,0.231,0.107,0.533,Load_Current_A; Sensor_S2; Ambient_Plus_Terminal; Power_Proxy_kVA,Temp_Gradient_S2_S1; Temp_Gradient_S3_S1
TST-0091,42.7911,Valid,41.3539,44.2283,2.8744,1.4372,14.8246,103.7781,33.2038,32.1117,12.9352,14.909,15.3791,38.803,0.3159,Normal Operating Condition,False,None,None,Normal,Sensor readings conform to physical electro-thermal equilibrium,N/A (Normal),1.758,False,None,1.758,-0.263,-0.316,-0.181,Load_Current_A; Temp_Gradient_S2_S1; Power_Proxy_kVA; Terminal_TempRise_Mean,Ambient_Plus_Terminal; Ambient_Temperature_C; Sensor_S1
TST-0151,43.5441,Valid,42.1069,44.9813,2.8744,1.4372,23.9321,100.0267,35.7611,48.6599,17.6627,18.2554,21.6211,60.3419,0.3492,Normal Operating Condition,False,None,None,Normal,Sensor readings conform to physical electro-thermal equilibrium,N/A (Normal),1.227,False,None,1.227,0.3,0.209,0.349,Load_Current_A; Sensor_S2; Power_Proxy_kVA; Terminal_TempRise_Mean,Temp_Gradient_S3_S1
TST-0310,22.5923,Valid,21.1551,24.0295,2.8744,1.4372,24.6151,59.2544,36.8127,53.0004,15.8591,15.4122,20.4076,44.0347,0.7085,Normal Operating Condition,False,None,None,Normal,Sensor readings conform to physical electro-thermal equilibrium,N/A (Normal),2.0,False,None,2.0,0.416,0.599,0.708,Sensor_S2; Power_Proxy_kVA; Terminal_TempRise_Mean; Ambient_Plus_Terminal,Load_Current_A; Temp_Gradient_S2_S1; Temp_Gradient_S3_S1
TST-0239,15.0675,Valid,13.6303,16.5047,2.8744,1.4372,8.6837,35.8138,33.3383,52.691,7.0322,7.8124,8.9921,44.8414,0.7673,Normal Operating Condition,False,None,None,Normal,Sensor readings conform to physical electro-thermal equilibrium,N/A (Normal),2.058,False,None,2.058,0.527,0.487,0.767,Test_Duration_min; Temp_Gradient_S2_S1; Applied_Voltage_kV,Load_Current_A; Sensor_S2; Power_Proxy_kVA
TST-0331,32.6343,Valid,31.1971,34.0715,2.8744,1.4372,14.5003,90.8972,30.8029,36.6227,12.3358,13.796,14.5384,45.2788,0.2213,Normal Operating Condition,False,None,None,Normal,Sensor readings conform to physical electro-thermal equilibrium,N/A (Normal),1.172,False,None,1.172,0.004,-0.221,-0.175,Load_Current_A; Temp_Gradient_S2_S1; Test_Duration_min; Terminal_TempRise_Mean,Ambient_Plus_Terminal; Power_Proxy_kVA; Ambient_Temperature_C
TST-0316,13.4679,Invalid,12.0307,14.9051,2.8744,1.4372,8.3381,27.2036,36.8231,16.2222,5.6815,6.3631,0.0,50.7666,7.5755,Sensor_S3 physical deviation (7.58 deg C > threshold 1.25),True,Sensor Dropout,Sensor_S3,Critical,Sensor_S3 registered negative drop of 7.58 deg C below expectation (potential loose thermocouple),"100.0% (Z=18.93, residual=7.58 C)",46.928,True,Sensor_S3,46.928,-0.183,-0.111,-7.575,Applied_Voltage_kV; Ambient_Temperature_C; Sensor_S4; Temp_Gradient_S2_S1,Load_Current_A; Sensor_S2; Power_Proxy_kVA
TST-0338,14.2462,Valid,12.809,15.6834,2.8744,1.4372,12.4417,20.0151,38.4935,8.0576,7.1346,7.0098,9.3684,48.5205,0.509,Normal Operating Condition,False,None,None,Normal,Sensor readings conform to physical electro-thermal equilibrium,N/A (Normal),1.263,False,None,1.263,-0.304,-0.268,-0.509,Ambient_Temperature_C; Applied_Voltage_kV; Temp_Gradient_S3_S1,Load_Current_A; Sensor_S2; Power_Proxy_kVA
TST-0019,20.1296,Valid,18.6924,21.5668,2.8744,1.4372,26.8498,42.2482,27.8844,24.4197,15.3918,14.0247,20.1187,34.4719,0.187,Normal Operating Condition,False,None,None,Normal,Sensor readings conform to physical electro-thermal equilibrium,N/A (Normal),0.839,False,None,0.839,-0.187,-0.113,-0.187,Sensor_S2; Terminal_TempRise_Mean; Sensor_S1; Sensor_S4,Load_Current_A; Ambient_Plus_Terminal; Temp_Gradient_S2_S1
TST-0168,14.4052,Invalid,12.968,15.8424,2.8744,1.4372,10.0724,27.3963,33.8916,19.3875,0.3391,7.0331,8.9291,52.2012,6.3688,Sensor_S1 physical deviation (6.37 deg C > threshold 1.25),True,Sensor Dropout,Sensor_S1,Critical,Sensor_S1 registered negative drop of 6.37 deg C below expectation (potential loose thermocouple),"100.0% (Z=24.33, residual=6.37 C)",59.344,True,Sensor_S1,59.344,-6.369,-0.055,0.221,Temp_Gradient_S2_S1; Temp_Gradient_S3_S1; Applied_Voltage_kV,Load_Current_A; Sensor_S2; Ambient_Plus_Terminal
TST-0007,18.27,Valid,16.8328,19.7072,2.8744,1.4372,19.6605,44.4116,36.4258,6.8081,11.9508,11.7076,15.5863,52.2978,0.2966,Normal Operating Condition,False,None,None,Normal,Sensor readings conform to physical electro-thermal equilibrium,N/A (Normal),1.847,False,None,1.847,-0.297,-0.135,-0.171,Sensor_S4,Load_Current_A; Power_Proxy_kVA; Sensor_S2
TST-0211,32.8277,Valid,31.3905,34.2649,2.8744,1.4372,17.8246,85.2603,37.2739,58.719,14.0381,15.1062,17.3365,51.0015,0.7491,Normal Operating Condition,False,None,None,Normal,Sensor readings conform to physical electro-thermal equilibrium,N/A (Normal),1.89,False,None,1.89,0.421,0.422,0.749,Load_Current_A; Ambient_Plus_Terminal; Power_Proxy_kVA; Sensor_S2,Sensor_S1; Sensor_S3; Sensor_S4
TST-0016,36.451,Valid,35.0138,37.8882,2.8744,1.4372,8.5661,99.4142,27.0504,24.0917,9.9631,12.389,10.8877,26.8018,0.4042,Normal Operating Condition,False,None,None,Normal,Sensor readings conform to physical electro-thermal equilibrium,N/A (Normal),2.498,False,None,2.498,0.01,-0.306,-0.404,Load_Current_A; Temp_Gradient_S2_S1; Applied_Voltage_kV; Sensor_S4,Ambient_Plus_Terminal; Sensor_S2; Power_Proxy_kVA
TST-0027,20.2231,Invalid,18.7859,21.6603,2.8744,1.4372,30.1822,27.6623,26.0894,8.3956,10.0013,13.5597,21.1176,45.7533,6.3731,Sensor_S1 physical deviation (6.37 deg C > threshold 1.25),True,Sensor Dropout,Sensor_S1,Critical,Sensor_S1 registered negative drop of 6.37 deg C below expectation (potential loose thermocouple),"100.0% (Z=24.34, residual=6.37 C)",54.822,True,Sensor_S1,54.822,-6.373,-0.486,-0.625,Temp_Gradient_S2_S1; Sensor_S2; Sensor_S3; Temp_Gradient_S3_S1,Load_Current_A; Ambient_Plus_Terminal; Power_Proxy_kVA
TST-0031,16.7308,Invalid,15.2936,18.168,2.8744,1.4372,15.2137,30.2527,40.5555,41.8674,0.2654,9.3239,12.0863,30.1557,9.0675,Sensor_S1 physical deviation (9.07 deg C > threshold 1.25),True,Sensor Dropout,Sensor_S1,Critical,Sensor_S1 registered negative drop of 9.07 deg C below expectation (potential loose thermocouple),"100.0% (Z=34.63, residual=9.07 C)",82.228,True,Sensor_S1,82.228,-9.067,0.22,-0.092,Temp_Gradient_S2_S1; Test_Duration_min; Temp_Gradient_S3_S1; Sensor_S4,Load_Current_A; Sensor_S2; Power_Proxy_kVA
TST-0249,28.6451,Valid,27.2079,30.0823,2.8744,1.4372,28.7851,67.4986,38.262,29.133,17.8736,16.9876,22.7592,55.6504,0.0475,Normal Operating Condition,False,None,None,Normal,Sensor readings conform to physical electro-thermal equilibrium,N/A (Normal),0.285,False,None,0.285,-0.025,0.035,-0.048,Sensor_S2; Ambient_Plus_Terminal; Power_Proxy_kVA; Terminal_TempRise_Mean,Load_Current_A; Temp_Gradient_S2_S1; Applied_Voltage_kV
TST-0011,16.0996,Valid,14.6624,17.5368,2.8744,1.4372,16.0518,27.0223,34.5334,40.4559,9.4389,9.0501,12.7814,47.1428,0.2201,Normal Operating Condition,False,None,None,Normal,Sensor readings conform to physical electro-thermal equilibrium,N/A (Normal),2.48,False,None,2.48,-0.118,-0.068,0.22,Test_Duration_min; Temp_Gradient_S3_S1; Applied_Voltage_kV,Load_Current_A; Sensor_S2; Power_Proxy_kVA
TST-0080,22.6862,Invalid,21.249,24.1234,2.8744,1.4372,9.9266,71.9916,35.228,58.1512,9.591,11.1827,11.5297,47.9728,5.0,Identical duplicate operational setpoint with conflicting record,True,Duplicate Setpoint Conflict,Multiple,Critical,Test bench data acquisition logged duplicate operational setpoints with conflicting records,100.0% (Deterministic Rule),1.905,False,None,1.905,0.496,0.351,0.712,Temp_Gradient_S2_S1; Test_Duration_min; Applied_Voltage_kV; Ambient_Temperature_C,Load_Current_A; Sensor_S2; Power_Proxy_kVA
TST-0121,16.4241,Valid,14.9869,17.8613,2.8744,1.4372,19.0824,20.0367,33.6081,6.8644,10.9216,9.6902,14.6476,48.2057,0.4692,Normal Operating Condition,False,None,None,Normal,Sensor readings conform to physical electro-thermal equilibrium,N/A (Normal),1.296,False,None,1.296,0.295,0.121,0.469,Applied_Voltage_kV,Load_Current_A; Sensor_S2; Power_Proxy_kVA
TST-0266,19.5641,Valid,18.1269,21.0013,2.8744,1.4372,25.5153,42.5208,23.9443,59.3224,15.1228,13.5335,19.725,41.0881,0.27,Normal Operating Condition,False,None,None,Normal,Sensor readings conform to physical electro-thermal equilibrium,N/A (Normal),1.447,False,None,1.447,0.17,-0.167,0.27,Sensor_S2; Test_Duration_min; Terminal_TempRise_Mean; Sensor_S4,Load_Current_A; Ambient_Plus_Terminal; Power_Proxy_kVA
TST-0198,21.4978,Valid,20.0606,22.935,2.8744,1.4372,9.6208,80.1701,25.3495,10.7578,9.2791,10.9586,10.698,51.6339,0.4634,Normal Operating Condition,False,None,None,Normal,Sensor readings conform to physical electro-thermal equilibrium,N/A (Normal),1.566,False,None,1.566,-0.12,-0.463,-0.326,Temp_Gradient_S2_S1; Applied_Voltage_kV,Ambient_Plus_Terminal; Sensor_S2; Power_Proxy_kVA
TST-0067,31.3135,Valid,29.8763,32.7507,2.8744,1.4372,31.2776,74.5911,40.7628,19.4644,19.3902,18.2676,24.8273,51.3854,0.1483,Normal Operating Condition,False,None,None,Normal,Sensor readings conform to physical electro-thermal equilibrium,N/A (Normal),1.413,False,None,1.413,-0.096,-0.148,0.056,Sensor_S2; Ambient_Plus_Terminal; Power_Proxy_kVA; Terminal_TempRise_Mean,Load_Current_A; Temp_Gradient_S2_S1; Test_Duration_min
TST-0102,21.5617,Valid,20.1245,22.9989,2.8744,1.4372,28.4658,48.2792,26.8362,55.9857,17.2291,15.3153,22.5893,42.5724,0.9392,Normal Operating Condition,True,Calibration Drift,Sensor_S3,Warning,Sensor_S3 shows borderline persistent bias of 0.94 deg C,98.1% (Z=2.35),2.86,False,None,2.86,0.542,0.107,0.939,Sensor_S2; Terminal_TempRise_Mean; Test_Duration_min; Sensor_S1,Load_Current_A; Ambient_Plus_Terminal; Temp_Gradient_S2_S1
TST-0005,36.9082,Valid,35.471,38.3454,2.8744,1.4372,16.589,94.7852,34.949,58.2299,13.6984,15.2044,16.5616,52.187,0.3035,Normal Operating Condition,False,None,None,Normal,Sensor readings conform to physical electro-thermal equilibrium,N/A (Normal),0.821,False,None,0.821,0.149,0.136,0.303,Load_Current_A; Power_Proxy_kVA; Temp_Gradient_S2_S1; Test_Duration_min,Ambient_Plus_Terminal; Ambient_Temperature_C; Sensor_S1
TST-0003,29.6843,Valid,28.2471,31.1215,2.8744,1.4372,20.0354,89.2069,19.0306,17.4772,14.794,15.3164,17.8983,43.2392,0.4659,Normal Operating Condition,False,None,None,Normal,Sensor readings conform to physical electro-thermal equilibrium,N/A (Normal),1.627,False,None,1.627,-0.102,-0.466,-0.316,Load_Current_A; Power_Proxy_kVA; Sensor_S2; Terminal_TempRise_Mean,Ambient_Plus_Terminal; Ambient_Temperature_C; Test_Duration_min
TST-0132,44.7081,Valid,43.2709,46.1453,2.8744,1.4372,30.8936,103.4673,18.0,11.1374,20.7453,20.0727,25.4735,80.5291,0.6673,Normal Operating Condition,True,Genuine High-Temperature Operation,None (Equipment Alert),Warning,Sensors remain within physical residual bounds (|e| <= 1.25 deg C) and are jointly consistent; elevated temperature is consistent with high load rather than a sensor fault.,Physical Equilibrium Confirmed (MD=2.38),2.38,False,None,2.38,-0.148,-0.667,-0.476,Load_Current_A; Sensor_S2; Power_Proxy_kVA; Terminal_TempRise_Mean,Ambient_Plus_Terminal; Ambient_Temperature_C; Temp_Gradient_S2_S1
TST-0029,26.4212,Valid,24.984,27.8584,2.8744,1.4372,20.5813,66.6904,40.8442,40.172,14.0953,14.3057,17.855,81.9709,0.4003,Normal Operating Condition,False,None,None,Normal,Sensor readings conform to physical electro-thermal equilibrium,N/A (Normal),1.152,False,None,1.152,0.178,0.251,0.4,Ambient_Plus_Terminal; Sensor_S2; Test_Duration_min; Terminal_TempRise_Mean,Load_Current_A; Power_Proxy_kVA; Temp_Gradient_S2_S1
TST-0221,30.3865,Valid,28.9493,31.8237,2.8744,1.4372,10.177,73.1692,51.8429,23.683,9.2149,11.3834,10.9418,58.1501,0.3651,Normal Operating Condition,False,None,None,Normal,Sensor readings conform to physical electro-thermal equilibrium,N/A (Normal),1.754,False,None,1.754,-0.065,0.365,-0.096,Ambient_Plus_Terminal; Ambient_Temperature_C; Temp_Gradient_S2_S1; Applied_Voltage_kV,Sensor_S2; Load_Current_A; Power_Proxy_kVA
TST-0099,17.7297,Valid,16.2925,19.1669,2.8744,1.4372,23.2077,22.6071,28.8161,20.1726,12.5889,11.2099,16.5262,72.3833,0.4504,Normal Operating Condition,False,None,None,Normal,Sensor readings conform to physical electro-thermal equilibrium,N/A (Normal),1.807,False,None,1.807,-0.159,-0.001,-0.45,Sensor_S4; Applied_Voltage_kV,Load_Current_A; Ambient_Plus_Terminal; Sensor_S2
TST-0062,17.2946,Valid,15.8574,18.7318,2.8744,1.4372,23.0157,21.1474,32.8227,14.8726,12.2071,10.8235,16.3428,50.8779,0.4374,Normal Operating Condition,False,None,None,Normal,Sensor readings conform to physical electro-thermal equilibrium,N/A (Normal),1.484,False,None,1.484,-0.369,-0.197,-0.437,Sensor_S4,Load_Current_A; Sensor_S2; Power_Proxy_kVA
TST-0095,26.6177,Valid,25.1805,28.0549,2.8744,1.4372,22.5634,67.8183,35.7233,54.2959,15.2594,15.0863,19.1072,50.4862,0.3289,Normal Operating Condition,False,None,None,Normal,Sensor readings conform to physical electro-thermal equilibrium,N/A (Normal),1.572,False,None,1.572,0.329,0.252,0.313,Sensor_S2; Power_Proxy_kVA; Ambient_Plus_Terminal; Test_Duration_min,Load_Current_A; Temp_Gradient_S2_S1; Temp_Gradient_S3_S1
TST-0126,16.999,Valid,15.5618,18.4362,2.8744,1.4372,20.1874,29.9367,27.1778,32.3377,11.8998,10.7915,15.6495,,0.2663,Normal Operating Condition,False,None,None,Normal,Sensor readings conform to physical electro-thermal equilibrium,N/A (Normal),0.95,False,None,0.95,0.197,-0.001,0.266,Test_Duration_min,Load_Current_A; Sensor_S2; Ambient_Plus_Terminal
TST-0034,50.2455,Valid,48.8083,51.6827,2.8744,1.4372,20.8058,107.8472,37.7845,13.6742,15.9935,17.3719,19.5052,61.5121,0.2992,Normal Operating Condition,False,None,None,Normal,Sensor readings conform to physical electro-thermal equilibrium,N/A (Normal),2.227,False,None,2.227,-0.299,-0.262,-0.129,Load_Current_A; Sensor_S2; Power_Proxy_kVA; Ambient_Plus_Terminal,Test_Duration_min; Applied_Voltage_kV
TST-0103,15.8098,Valid,14.3726,17.247,2.8744,1.4372,16.8982,24.2712,34.3033,15.0381,9.6147,8.996,12.9375,42.7489,0.1971,Normal Operating Condition,False,None,None,Normal,Sensor readings conform to physical electro-thermal equilibrium,N/A (Normal),1.756,False,None,1.756,-0.197,-0.18,-0.036,Temp_Gradient_S3_S1; Applied_Voltage_kV,Load_Current_A; Sensor_S2; Power_Proxy_kVA
TST-0245,23.2304,Valid,21.7932,24.6676,2.8744,1.4372,14.8798,69.5029,33.1679,39.751,11.3502,12.1653,14.0502,76.9268,0.1628,Normal Operating Condition,False,None,None,Normal,Sensor readings conform to physical electro-thermal equilibrium,N/A (Normal),1.27,False,None,1.27,0.015,-0.163,0.148,Temp_Gradient_S2_S1; Test_Duration_min; Sensor_S4; Applied_Voltage_kV,Load_Current_A; Ambient_Plus_Terminal; Power_Proxy_kVA
TST-0058,49.9283,Valid,48.4911,51.3655,2.8744,1.4372,26.8221,108.6329,29.5593,9.6866,18.6514,19.0786,22.8361,65.7333,0.7325,Normal Operating Condition,True,Genuine High-Temperature Operation,None (Equipment Alert),Warning,Sensors remain within physical residual bounds (|e| <= 1.25 deg C) and are jointly consistent; elevated temperature is consistent with high load rather than a sensor fault.,Physical Equilibrium Confirmed (MD=2.56),2.563,False,None,2.563,-0.572,-0.697,-0.733,Load_Current_A; Sensor_S2; Power_Proxy_kVA; Terminal_TempRise_Mean,Ambient_Plus_Terminal; Test_Duration_min; Ambient_Temperature_C
TST-0065,26.1731,Valid,24.7359,27.6103,2.8744,1.4372,23.5673,72.3942,31.5969,25.4824,15.4845,15.3799,19.3925,38.5675,0.2776,Normal Operating Condition,False,None,None,Normal,Sensor readings conform to physical electro-thermal equilibrium,N/A (Normal),0.72,False,None,0.72,-0.18,-0.19,-0.278,Sensor_S2; Power_Proxy_kVA; Terminal_TempRise_Mean; Sensor_S1,Load_Current_A; Ambient_Plus_Terminal; Ambient_Temperature_C
TST-0086,19.4902,Valid,18.053,20.9274,2.8744,1.4372,27.5244,37.3839,21.858,34.1549,15.666,13.7876,20.4898,67.2028,0.1687,Normal Operating Condition,False,None,None,Normal,Sensor readings conform to physical electro-thermal equilibrium,N/A (Normal),0.738,False,None,0.738,0.032,-0.169,-0.012,Sensor_S2; Terminal_TempRise_Mean; Test_Duration_min; Sensor_S1,Load_Current_A; Ambient_Plus_Terminal; Power_Proxy_kVA
TST-0342,20.4011,Valid,18.9639,21.8383,2.8744,1.4372,30.1057,17.0147,41.7014,13.0895,15.6243,13.3963,21.1337,50.1286,0.2826,Normal Operating Condition,False,None,None,Normal,Sensor readings conform to physical electro-thermal equilibrium,N/A (Normal),1.576,False,None,1.576,-0.127,0.283,-0.033,Ambient_Plus_Terminal; Sensor_S2; Terminal_TempRise_Mean; Sensor_S3,Load_Current_A; Power_Proxy_kVA; Temp_Gradient_S2_S1
TST-0335,17.8321,Valid,16.3949,19.2693,2.8744,1.4372,23.9077,19.077,33.4563,19.4671,12.7243,10.8761,17.1246,64.7766,0.2756,Normal Operating Condition,False,None,None,Normal,Sensor readings conform to physical electro-thermal equilibrium,N/A (Normal),1.224,False,None,1.224,-0.166,-0.276,-0.131,Sensor_S3; Sensor_S4,Load_Current_A; Sensor_S2; Power_Proxy_kVA
TST-0180,18.2355,Invalid,16.7983,19.6727,2.8744,1.4372,13.6643,56.6112,37.4533,52.808,10.3556,11.0984,4.282,52.6111,8.1957,Sensor_S3 physical deviation (8.20 deg C > threshold 1.25),True,Sensor Dropout,Sensor_S3,Critical,Sensor_S3 registered negative drop of 8.20 deg C below expectation (potential loose thermocouple),"100.0% (Z=20.48, residual=8.20 C)",55.388,True,Sensor_S3,55.388,0.314,0.286,-8.196,Test_Duration_min; Temp_Gradient_S2_S1; Applied_Voltage_kV; Sensor_S4,Load_Current_A; Sensor_S2; Power_Proxy_kVA
TST-0294,24.5568,Invalid,23.1196,25.994,2.8744,1.4372,22.1776,67.699,30.8956,17.2441,6.022,14.3866,18.1022,50.4658,8.7167,Sensor_S1 physical deviation (8.72 deg C > threshold 1.25),True,Sensor Dropout,Sensor_S1,Critical,Sensor_S1 registered negative drop of 8.72 deg C below expectation (potential loose thermocouple),"100.0% (Z=33.29, residual=8.72 C)",77.204,True,Sensor_S1,77.204,-8.717,-0.305,-0.436,Temp_Gradient_S2_S1; Power_Proxy_kVA; Sensor_S2; Temp_Gradient_S3_S1,Load_Current_A; Ambient_Plus_Terminal; Terminal_TempRise_Mean
TST-0072,20.867,Valid,19.4298,22.3042,2.8744,1.4372,29.8568,24.5083,39.2958,17.7246,15.9955,13.8524,21.4014,39.5191,0.1871,Normal Operating Condition,False,None,None,Normal,Sensor readings conform to physical electro-thermal equilibrium,N/A (Normal),0.929,False,None,0.929,-0.049,0.187,0.025,Sensor_S2; Ambient_Plus_Terminal; Terminal_TempRise_Mean; Sensor_S3,Load_Current_A; Power_Proxy_kVA; Temp_Gradient_S2_S1
TST-0315,48.6774,Invalid,47.2402,50.1146,2.8744,1.4372,25.454,100.7206,45.1946,35.1069,18.105,18.9018,22.284,52.5979,5.0,Identical duplicate operational setpoint with conflicting record,True,Duplicate Setpoint Conflict,Multiple,Critical,Test bench data acquisition logged duplicate operational setpoints with conflicting records,100.0% (Deterministic Rule),1.166,False,None,1.166,-0.026,0.271,-0.008,Load_Current_A; Ambient_Plus_Terminal; Sensor_S2; Power_Proxy_kVA,Temp_Gradient_S3_S1
TST-0182,45.6216,Valid,44.1844,47.0588,2.8744,1.4372,26.5278,105.2971,22.1902,38.4913,18.7879,19.0001,23.1289,41.877,0.39,Normal Operating Condition,True,Genuine High-Temperature Operation,None (Equipment Alert),Warning,Sensors remain within physical residual bounds (|e| <= 1.25 deg C) and are jointly consistent; elevated temperature is consistent with high load rather than a sensor fault.,Physical Equilibrium Confirmed (MD=1.55),1.551,False,None,1.551,-0.111,-0.39,-0.084,Load_Current_A; Sensor_S2; Power_Proxy_kVA; Terminal_TempRise_Mean,Ambient_Plus_Terminal; Ambient_Temperature_C
TST-0200,21.4369,Valid,19.9997,22.8741,2.8744,1.4372,24.117,34.5869,46.8979,17.3258,13.7181,12.9099,18.0751,56.9748,0.3666,Normal Operating Condition,False,None,None,Normal,Sensor readings conform to physical electro-thermal equilibrium,N/A (Normal),1.851,False,None,1.851,-0.127,0.367,-0.082,Ambient_Plus_Terminal; Ambient_Temperature_C; Sensor_S2; Terminal_TempRise_Mean,Load_Current_A; Power_Proxy_kVA; Temp_Gradient_S2_S1
TST-0030,16.8491,Valid,15.4119,18.2863,2.8744,1.4372,13.5262,43.7556,37.4832,20.1242,9.2662,9.7318,11.8547,34.2218,0.1018,Normal Operating Condition,False,None,None,Normal,Sensor readings conform to physical electro-thermal equilibrium,N/A (Normal),0.621,False,None,0.621,-0.001,0.061,0.102,Ambient_Temperature_C; Applied_Voltage_kV; Sensor_S4,Load_Current_A; Sensor_S2; Power_Proxy_kVA
TST-0193,16.7344,Valid,15.2972,18.1716,2.8744,1.4372,16.959,35.8076,33.8845,23.1273,10.1767,10.2246,13.3281,38.3727,0.3,Normal Operating Condition,False,None,None,Normal,Sensor readings conform to physical electro-thermal equilibrium,N/A (Normal),1.67,False,None,1.67,-0.3,0.046,-0.255,Sensor_S4,Load_Current_A; Sensor_S2; Power_Proxy_kVA
TST-0231,21.0224,Valid,19.5852,22.4596,2.8744,1.4372,26.4062,56.9451,25.23,48.8952,16.5783,14.9608,21.1671,50.1814,0.4223,Normal Operating Condition,False,None,None,Normal,Sensor readings conform to physical electro-thermal equilibrium,N/A (Normal),2.669,False,None,2.669,0.403,-0.274,0.422,Sensor_S2; Terminal_TempRise_Mean; Power_Proxy_kVA; Test_Duration_min,Load_Current_A; Ambient_Plus_Terminal; Temp_Gradient_S2_S1
TST-0128,25.9868,Valid,24.5496,27.424,2.8744,1.4372,12.3703,73.4274,42.0744,26.5163,10.3878,11.9099,12.9155,60.4247,0.4446,Normal Operating Condition,False,None,None,Normal,Sensor readings conform to physical electro-thermal equilibrium,N/A (Normal),2.391,False,None,2.391,0.041,0.113,0.445,Ambient_Plus_Terminal; Temp_Gradient_S2_S1; Ambient_Temperature_C; Applied_Voltage_kV,Sensor_S2; Load_Current_A; Power_Proxy_kVA
TST-0165,28.3073,Invalid,26.8701,29.7445,2.8744,1.4372,30.8349,65.6703,34.5678,45.3679,18.9534,17.6116,24.3619,55.5507,5.0,Identical duplicate operational setpoint with conflicting record,True,Duplicate Setpoint Conflict,Multiple,Critical,Test bench data acquisition logged duplicate operational setpoints with conflicting records,100.0% (Deterministic Rule),0.855,False,None,0.855,0.171,0.107,0.318,Sensor_S2; Power_Proxy_kVA; Ambient_Plus_Terminal; Terminal_TempRise_Mean,Load_Current_A; Temp_Gradient_S2_S1; Ambient_Temperature_C
TST-0074,13.6518,Valid,12.2146,15.089,2.8744,1.4372,10.9289,19.3794,31.8527,45.9698,6.8042,6.81,8.9582,28.3347,0.127,Normal Operating Condition,False,None,None,Normal,Sensor readings conform to physical electro-thermal equilibrium,N/A (Normal),0.75,False,None,0.75,0.127,0.108,0.092,Test_Duration_min; Applied_Voltage_kV; Sensor_S4,Load_Current_A; Sensor_S2; Ambient_Plus_Terminal
TST-0004,34.5213,Valid,33.0841,35.9585,2.8744,1.4372,24.6673,84.912,37.5323,32.5136,17.0209,17.2472,21.2497,40.8955,0.2487,Normal Operating Condition,False,None,None,Normal,Sensor readings conform to physical electro-thermal equilibrium,N/A (Normal),0.762,False,None,0.762,0.139,0.233,0.249,Load_Current_A; Sensor_S2; Power_Proxy_kVA; Ambient_Plus_Terminal,Temp_Gradient_S3_S1; Ambient_Temperature_C
TST-0157,22.9176,Valid,21.4804,24.3548,2.8744,1.4372,9.9872,81.1528,27.0003,36.7973,9.5079,11.4049,11.0182,55.4633,0.2914,Normal Operating Condition,False,None,None,Normal,Sensor readings conform to physical electro-thermal equilibrium,N/A (Normal),0.898,False,None,0.898,-0.121,-0.227,-0.291,Temp_Gradient_S2_S1; Load_Current_A; Applied_Voltage_kV; Test_Duration_min,Ambient_Plus_Terminal; Sensor_S2; Power_Proxy_kVA
TST-0143,27.2707,Valid,25.8335,28.7079,2.8744,1.4372,24.4719,65.1894,36.7199,41.0114,15.9927,15.4417,20.0493,73.3154,0.2911,Normal Operating Condition,False,None,None,Normal,Sensor readings conform to physical electro-thermal equilibrium,N/A (Normal),1.932,False,None,1.932,0.291,0.173,0.15,Sensor_S2; Ambient_Plus_Terminal; Power_Proxy_kVA; Terminal_TempRise_Mean,Load_Current_A; Temp_Gradient_S2_S1; Temp_Gradient_S3_S1
TST-0179,41.1997,Valid,39.7625,42.6369,2.8744,1.4372,24.2159,97.1084,41.3515,10.1811,17.2453,17.9644,21.3823,43.4242,0.0923,Normal Operating Condition,False,None,None,Normal,Sensor readings conform to physical electro-thermal equilibrium,N/A (Normal),1.248,False,None,1.248,-0.092,0.068,0.071,Load_Current_A; Sensor_S2; Ambient_Plus_Terminal; Power_Proxy_kVA,Test_Duration_min; Temp_Gradient_S3_S1; Ambient_Temperature_C
TST-0075,27.4059,Valid,25.9687,28.8431,2.8744,1.4372,31.8814,72.7793,27.1264,19.4251,19.7811,18.0234,25.2823,42.5155,0.4466,Normal Operating Condition,False,None,None,Normal,Sensor readings conform to physical electro-thermal equilibrium,N/A (Normal),2.374,False,None,2.374,0.105,-0.447,0.21,Sensor_S2; Power_Proxy_kVA; Terminal_TempRise_Mean; Sensor_S1,Load_Current_A; Ambient_Plus_Terminal; Temp_Gradient_S2_S1
TST-0233,25.1594,Valid,23.7222,26.5966,2.8744,1.4372,12.9493,82.7813,21.4069,29.0611,11.2154,12.4806,13.3434,43.3674,0.3114,Normal Operating Condition,False,None,None,Normal,Sensor readings conform to physical electro-thermal equilibrium,N/A (Normal),1.432,False,None,1.432,0.075,-0.311,0.035,Load_Current_A; Temp_Gradient_S2_S1; Applied_Voltage_kV; Temp_Gradient_S3_S1,Ambient_Plus_Terminal; Sensor_S2; Power_Proxy_kVA
TST-0111,26.4601,Valid,25.0229,27.8973,2.8744,1.4372,18.2353,76.227,33.9991,31.7772,13.4586,14.3272,16.6867,62.4013,0.2798,Normal Operating Condition,False,None,None,Normal,Sensor readings conform to physical electro-thermal equilibrium,N/A (Normal),0.895,False,None,0.895,0.142,0.27,0.28,Sensor_S2; Temp_Gradient_S2_S1; Terminal_TempRise_Mean; Sensor_S4,Load_Current_A; Ambient_Plus_Terminal; Power_Proxy_kVA
TST-0350,21.0442,Valid,19.607,22.4814,2.8744,1.4372,25.6796,51.0859,33.0045,58.4897,15.6784,14.5148,20.1988,46.8652,0.2141,Normal Operating Condition,False,None,None,Normal,Sensor readings conform to physical electro-thermal equilibrium,N/A (Normal),0.764,False,None,0.764,0.174,0.029,0.214,Sensor_S2; Test_Duration_min; Terminal_TempRise_Mean; Sensor_S1,Load_Current_A; Temp_Gradient_S2_S1; Ambient_Plus_Terminal
TST-0122,16.8797,Valid,15.4425,18.3169,2.8744,1.4372,16.0738,49.4843,26.8584,37.9832,10.8373,10.8605,13.663,58.6399,0.1764,Normal Operating Condition,False,None,None,Normal,Sensor readings conform to physical electro-thermal equilibrium,N/A (Normal),0.775,False,None,0.775,0.032,-0.176,-0.023,Test_Duration_min; Sensor_S4,Load_Current_A; Sensor_S2; Ambient_Plus_Terminal
TST-0076,21.6629,Valid,20.2257,23.1001,2.8744,1.4372,9.2602,77.5935,27.4076,41.4899,9.0114,10.8208,10.5032,51.3627,0.2577,Normal Operating Condition,False,None,None,Normal,Sensor readings conform to physical electro-thermal equilibrium,N/A (Normal),0.823,False,None,0.823,-0.073,-0.258,-0.16,Temp_Gradient_S2_S1; Applied_Voltage_kV; Test_Duration_min,Ambient_Plus_Terminal; Sensor_S2; Power_Proxy_kVA
TST-0304,26.311,Valid,24.8738,27.7482,2.8744,1.4372,15.0824,75.5786,38.5974,35.1167,12.0187,13.2049,14.3982,56.2819,0.29,Normal Operating Condition,False,None,None,Normal,Sensor readings conform to physical electro-thermal equilibrium,N/A (Normal),2.243,False,None,2.243,0.251,0.29,0.065,Ambient_Plus_Terminal; Temp_Gradient_S2_S1; Ambient_Temperature_C; Applied_Voltage_kV,Load_Current_A; Power_Proxy_kVA; Sensor_S2
TST-0190,29.1714,Valid,27.7342,30.6086,2.8744,1.4372,26.0148,83.3325,23.4016,17.8873,17.3557,16.8277,21.4336,39.5751,0.5169,Normal Operating Condition,False,None,None,Normal,Sensor readings conform to physical electro-thermal equilibrium,N/A (Normal),1.961,False,None,1.961,-0.086,-0.517,-0.362,Load_Current_A; Sensor_S2; Power_Proxy_kVA; Terminal_TempRise_Mean,Ambient_Plus_Terminal; Temp_Gradient_S2_S1; Ambient_Temperature_C
TST-0061,16.856,Valid,15.4188,18.2932,2.8744,1.4372,20.8731,23.0809,33.6259,19.2666,11.3125,10.1944,14.7893,31.9543,0.6991,Normal Operating Condition,False,None,None,Normal,Sensor readings conform to physical electro-thermal equilibrium,N/A (Normal),1.934,False,None,1.934,-0.341,-0.251,-0.699,Sensor_S4,Load_Current_A; Sensor_S2; Power_Proxy_kVA
TST-0009,27.2466,Valid,25.8094,28.6838,2.8744,1.4372,22.6352,60.7804,49.0191,46.5712,15.0419,14.8591,19.0826,48.9834,0.5985,Normal Operating Condition,False,None,None,Normal,Sensor readings conform to physical electro-thermal equilibrium,N/A (Normal),2.18,False,None,2.18,0.465,0.598,0.59,Ambient_Plus_Terminal; Ambient_Temperature_C; Sensor_S2; Terminal_TempRise_Mean,Load_Current_A; Power_Proxy_kVA; Temp_Gradient_S2_S1
TST-0194,43.8908,Valid,42.4536,45.328,2.8744,1.4372,13.0565,105.7028,33.3095,49.241,12.3473,14.6156,14.2191,53.7745,0.2912,Normal Operating Condition,False,None,None,Normal,Sensor readings conform to physical electro-thermal equilibrium,N/A (Normal),0.928,False,None,0.928,-0.108,-0.163,-0.291,Load_Current_A; Temp_Gradient_S2_S1; Test_Duration_min; Sensor_S2,Ambient_Plus_Terminal; Power_Proxy_kVA; Sensor_S1
TST-0156,20.2042,Invalid,18.767,21.6414,2.8744,1.4372,11.8736,41.7976,25.544,46.7768,8.384,,10.5425,51.9203,10.0,Missing readings in critical sensors: Sensor_S2,True,Missing Critical Sensor,Sensor_S2,Critical,Channel communication loss or unrecorded sensor in Sensor_S2,100.0% (Deterministic Rule),0.0,False,None,0.0,0.018,0.0,-0.044,Temp_Gradient_S2_S1; Sensor_S2; Test_Duration_min; Applied_Voltage_kV,Load_Current_A; Ambient_Plus_Terminal; Power_Proxy_kVA
TST-0088,32.6861,Valid,31.2489,34.1233,2.8744,1.4372,17.0894,87.0038,37.3459,51.495,13.634,14.6027,16.8564,,0.6588,Normal Operating Condition,False,None,None,Normal,Sensor readings conform to physical electro-thermal equilibrium,N/A (Normal),2.401,False,None,2.401,0.274,0.024,0.659,Load_Current_A; Ambient_Plus_Terminal; Power_Proxy_kVA; Temp_Gradient_S2_S1,Sensor_S1; Sensor_S3; Sensor_S4
TST-0256,47.7558,Valid,46.3186,49.193,2.8744,1.4372,23.31,102.7789,39.1631,51.4369,17.6458,18.7644,21.4347,39.6922,0.6982,Normal Operating Condition,False,None,None,Normal,Sensor readings conform to physical electro-thermal equilibrium,N/A (Normal),2.777,False,None,2.777,0.431,0.698,0.43,Load_Current_A; Sensor_S2; Power_Proxy_kVA; Ambient_Plus_Terminal,Sensor_S4
TST-0329,16.6019,Valid,15.1647,18.0391,2.8744,1.4372,13.6313,29.5193,44.3791,14.4646,8.3652,8.7434,10.9352,42.944,0.2472,Normal Operating Condition,False,None,None,Normal,Sensor readings conform to physical electro-thermal equilibrium,N/A (Normal),1.592,False,None,1.592,-0.168,0.247,-0.182,Ambient_Plus_Terminal; Ambient_Temperature_C; Applied_Voltage_kV,Load_Current_A; Sensor_S2; Power_Proxy_kVA
TST-0219,42.168,Valid,40.7308,43.6052,2.8744,1.4372,29.1551,97.5592,34.1765,31.2865,19.4568,19.4446,24.088,54.79,0.444,Normal Operating Condition,True,Genuine High-Temperature Operation,None (Equipment Alert),Warning,Sensors remain within physical residual bounds (|e| <= 1.25 deg C) and are jointly consistent; elevated temperature is consistent with high load rather than a sensor fault.,Physical Equilibrium Confirmed (MD=1.12),1.124,False,None,1.124,-0.276,-0.193,-0.444,Load_Current_A; Sensor_S2; Power_Proxy_kVA; Ambient_Plus_Terminal,Ambient_Temperature_C; Temp_Gradient_S2_S1; Applied_Voltage_kV
TST-0306,13.7838,Valid,12.3466,15.221,2.8744,1.4372,12.8871,15.6506,32.3749,33.9044,7.4983,6.9655,10.0968,53.2123,0.1467,Normal Operating Condition,False,None,None,Normal,Sensor readings conform to physical electro-thermal equilibrium,N/A (Normal),0.796,False,None,0.796,0.087,-0.094,0.147,Test_Duration_min; Applied_Voltage_kV,Load_Current_A; Sensor_S2; Ambient_Plus_Terminal
TST-0324,22.739,Valid,21.3018,24.1762,2.8744,1.4372,31.0032,59.7405,27.9362,13.5444,18.4858,16.844,23.8479,40.0379,0.2139,Normal Operating Condition,False,None,None,Normal,Sensor readings conform to physical electro-thermal equilibrium,N/A (Normal),0.948,False,None,0.948,-0.05,-0.214,-0.012,Sensor_S2; Power_Proxy_kVA; Terminal_TempRise_Mean; Sensor_S1,Load_Current_A; Ambient_Plus_Terminal; Temp_Gradient_S2_S1
TST-0113,21.5554,Valid,20.1182,22.9926,2.8744,1.4372,30.8443,31.8534,33.8414,50.876,16.9274,14.7272,22.4009,35.718,0.0965,Normal Operating Condition,False,None,None,Normal,Sensor readings conform to physical electro-thermal equilibrium,N/A (Normal),0.376,False,None,0.376,0.004,0.096,0.022,Sensor_S2; Terminal_TempRise_Mean; Test_Duration_min; Sensor_S3,Load_Current_A; Power_Proxy_kVA; Temp_Gradient_S2_S1
TST-0135,15.9336,Valid,14.4964,17.3708,2.8744,1.4372,20.4391,25.7204,21.2899,40.1493,11.4837,10.1027,15.255,46.2924,0.418,Normal Operating Condition,False,None,None,Normal,Sensor readings conform to physical electro-thermal equilibrium,N/A (Normal),1.654,False,None,1.654,-0.107,-0.418,-0.083,Test_Duration_min; Applied_Voltage_kV; Sensor_S3,Load_Current_A; Sensor_S2; Ambient_Plus_Terminal
TST-0339,17.8326,Valid,16.3954,19.2698,2.8744,1.4372,22.3652,43.5561,20.7858,18.3756,13.2077,12.1147,16.811,42.9498,0.6554,Normal Operating Condition,False,None,None,Normal,Sensor readings conform to physical electro-thermal equilibrium,N/A (Normal),2.083,False,None,2.083,-0.291,-0.588,-0.655,Terminal_TempRise_Mean; Temp_Gradient_S3_S1,Load_Current_A; Ambient_Plus_Terminal; Power_Proxy_kVA
TST-0260,22.4782,Valid,21.041,23.9154,2.8744,1.4372,18.1049,63.3375,32.2774,17.275,12.232,12.7721,15.1672,55.1224,0.5183,Normal Operating Condition,False,None,None,Normal,Sensor readings conform to physical electro-thermal equilibrium,N/A (Normal),1.405,False,None,1.405,-0.312,-0.144,-0.518,Temp_Gradient_S2_S1; Temp_Gradient_S3_S1; Applied_Voltage_kV,Load_Current_A; Ambient_Plus_Terminal; Power_Proxy_kVA
TST-0195,27.8672,Valid,26.43,29.3044,2.8744,1.4372,29.8483,18.8305,50.0558,53.6801,16.1824,14.0365,21.8673,44.45,0.8571,Normal Operating Condition,True,Calibration Drift,Sensor_S2,Warning,Sensor_S2 shows borderline persistent bias of 0.86 deg C,99.1% (Z=2.62),2.68,False,None,2.68,0.455,0.857,0.777,Ambient_Plus_Terminal; Ambient_Temperature_C; Sensor_S2; Terminal_TempRise_Mean,Load_Current_A; Power_Proxy_kVA; Temp_Gradient_S2_S1
TST-0286,28.3693,Valid,26.9321,29.8065,2.8744,1.4372,17.0648,82.0034,34.6536,23.1282,12.9201,14.2326,15.7212,57.3628,0.2133,Normal Operating Condition,False,None,None,Normal,Sensor readings conform to physical electro-thermal equilibrium,N/A (Normal),1.022,False,None,1.022,-0.153,0.088,-0.213,Load_Current_A; Temp_Gradient_S2_S1; Sensor_S2; Terminal_TempRise_Mean,Ambient_Plus_Terminal; Power_Proxy_kVA; Test_Duration_min
TST-0015,24.8244,Valid,23.3872,26.2616,2.8744,1.4372,11.405,66.0899,45.9286,50.3873,9.481,11.1675,11.7411,64.8892,0.328,Normal Operating Condition,False,None,None,Normal,Sensor readings conform to physical electro-thermal equilibrium,N/A (Normal),1.712,False,None,1.712,0.001,0.328,0.258,Ambient_Plus_Terminal; Temp_Gradient_S2_S1; Ambient_Temperature_C; Test_Duration_min,Load_Current_A; Sensor_S2; Power_Proxy_kVA
TST-0263,19.389,Valid,17.9518,20.8262,2.8744,1.4372,29.6617,27.077,20.1209,52.7251,16.3576,13.4695,21.2343,53.7154,0.3471,Normal Operating Condition,False,None,None,Normal,Sensor readings conform to physical electro-thermal equilibrium,N/A (Normal),3.363,False,None,3.363,0.265,-0.347,-0.142,Sensor_S2; Terminal_TempRise_Mean; Test_Duration_min; Sensor_S3,Load_Current_A; Ambient_Plus_Terminal; Power_Proxy_kVA
TST-0147,24.5595,Valid,23.1223,25.9967,2.8744,1.4372,22.6962,68.4764,29.8157,26.9738,14.6523,14.5714,18.3577,68.4575,0.5547,Normal Operating Condition,False,None,None,Normal,Sensor readings conform to physical electro-thermal equilibrium,N/A (Normal),1.478,False,None,1.478,-0.378,-0.365,-0.555,Sensor_S2; Power_Proxy_kVA; Terminal_TempRise_Mean; Applied_Voltage_kV,Load_Current_A; Ambient_Plus_Terminal; Ambient_Temperature_C
TST-0002,25.049,Invalid,23.6118,26.4862,2.8744,1.4372,25.4239,69.5318,23.8914,14.9142,24.6135,15.251,20.1983,51.193,8.2157,Sensor_S1 physical deviation (8.22 deg C > threshold 1.25),True,Sensor Spike,Sensor_S1,Critical,Sensor_S1 registered abrupt positive spike of 8.22 deg C above thermodynamic expectation,"100.0% (Z=31.38, residual=8.22 C)",77.829,True,Sensor_S1,77.829,8.216,-0.716,-0.532,Sensor_S2; Power_Proxy_kVA; Terminal_TempRise_Mean; Sensor_S1,Load_Current_A; Ambient_Plus_Terminal; Temp_Gradient_S2_S1
TST-0114,45.7211,Valid,44.2839,47.1583,2.8744,1.4372,15.6047,106.5961,31.6157,26.4638,13.6012,15.7124,16.1225,42.5436,0.1262,Normal Operating Condition,False,None,None,Normal,Sensor readings conform to physical electro-thermal equilibrium,N/A (Normal),0.745,False,None,0.745,-0.126,-0.021,-0.082,Load_Current_A; Power_Proxy_kVA; Temp_Gradient_S2_S1; Sensor_S2,Ambient_Plus_Terminal; Ambient_Temperature_C; Test_Duration_min
TST-0271,25.3783,Invalid,23.9411,26.8155,2.8744,1.4372,15.1912,78.3458,45.377,35.8035,12.0511,1.0,14.6933,43.5358,12.1878,Sensor_S2 physical deviation (12.19 deg C > threshold 1.25),True,Sensor Dropout,Sensor_S2,Critical,Sensor_S2 registered negative drop of 12.19 deg C below expectation (potential loose thermocouple),"100.0% (Z=37.30, residual=12.19 C)",50.842,True,Sensor_S2,50.842,0.079,-12.188,0.153,Load_Current_A; Ambient_Plus_Terminal; Ambient_Temperature_C; Applied_Voltage_kV,Sensor_S2; Power_Proxy_kVA; Terminal_TempRise_Mean
TST-0223,21.7194,Valid,20.2822,23.1566,2.8744,1.4372,20.4321,62.9359,24.8419,55.5698,14.1321,13.6681,17.5949,34.9678,0.4936,Normal Operating Condition,False,None,None,Normal,Sensor readings conform to physical electro-thermal equilibrium,N/A (Normal),2.624,False,None,2.624,0.494,-0.016,0.422,Test_Duration_min; Terminal_TempRise_Mean; Sensor_S2; Sensor_S3,Load_Current_A; Ambient_Plus_Terminal; Power_Proxy_kVA
TST-0344,16.309,Valid,14.8718,17.7462,2.8744,1.4372,12.5832,56.2117,28.6047,13.518,9.1881,9.962,11.3407,52.5532,0.4435,Normal Operating Condition,False,None,None,Normal,Sensor readings conform to physical electro-thermal equilibrium,N/A (Normal),1.508,False,None,1.508,-0.313,-0.443,-0.417,Temp_Gradient_S2_S1; Applied_Voltage_kV; Sensor_S4,Load_Current_A; Sensor_S2; Ambient_Plus_Terminal
TST-0183,31.0056,Valid,29.5684,32.4428,2.8744,1.4372,26.3871,78.5998,38.4607,36.6896,17.1497,17.146,21.6387,69.9218,0.2101,Normal Operating Condition,False,None,None,Normal,Sensor readings conform to physical electro-thermal equilibrium,N/A (Normal),1.292,False,None,1.292,-0.21,0.076,-0.164,Sensor_S2; Power_Proxy_kVA; Ambient_Plus_Terminal; Terminal_TempRise_Mean,Temp_Gradient_S2_S1; Temp_Gradient_S3_S1; Sensor_S4
TST-0327,33.1351,Valid,31.6979,34.5723,2.8744,1.4372,8.7743,90.4047,39.4791,32.0947,9.7365,12.2774,11.183,53.9155,0.2766,Normal Operating Condition,False,None,None,Normal,Sensor readings conform to physical electro-thermal equilibrium,N/A (Normal),1.041,False,None,1.041,0.18,0.277,0.202,Load_Current_A; Temp_Gradient_S2_S1; Applied_Voltage_kV; Ambient_Temperature_C,Sensor_S2; Power_Proxy_kVA; Ambient_Plus_Terminal
TST-0250,20.5022,Invalid,19.065,21.9394,2.8744,1.4372,30.1239,18.4346,37.7424,16.7393,8.0752,13.014,20.6546,57.0125,7.7627,Sensor_S1 physical deviation (7.76 deg C > threshold 1.25),True,Sensor Dropout,Sensor_S1,Critical,Sensor_S1 registered negative drop of 7.76 deg C below expectation (potential loose thermocouple),"100.0% (Z=29.65, residual=7.76 C)",67.634,True,Sensor_S1,67.634,-7.763,-0.227,-0.594,Temp_Gradient_S2_S1; Sensor_S2; Sensor_S3; Temp_Gradient_S3_S1,Load_Current_A; Power_Proxy_kVA; Ambient_Plus_Terminal
TST-0185,38.3471,Valid,36.9099,39.7843,2.8744,1.4372,17.9104,96.8103,36.0477,20.0018,14.0273,15.6357,16.8933,47.4646,0.3205,Normal Operating Condition,False,None,None,Normal,Sensor readings conform to physical electro-thermal equilibrium,N/A (Normal),1.158,False,None,1.158,-0.268,-0.061,-0.321,Load_Current_A; Power_Proxy_kVA; Temp_Gradient_S2_S1; Sensor_S2,Test_Duration_min; Sensor_S4; Sensor_S1
TST-0242,21.3611,Valid,19.9239,22.7983,2.8744,1.4372,28.9936,39.5322,35.629,18.4222,16.4776,14.802,21.6952,50.5526,0.1563,Normal Operating Condition,False,None,None,Normal,Sensor readings conform to physical electro-thermal equilibrium,N/A (Normal),0.742,False,None,0.742,0.02,0.156,0.136,Sensor_S2; Terminal_TempRise_Mean; Ambient_Plus_Terminal; Sensor_S3,Load_Current_A; Temp_Gradient_S2_S1; Power_Proxy_kVA
TST-0158,13.0298,Valid,11.5926,14.467,2.8744,1.4372,9.162,42.3854,18.7283,15.992,6.7208,7.2993,8.1637,47.348,0.7501,Normal Operating Condition,False,None,None,Normal,Sensor readings conform to physical electro-thermal equilibrium,N/A (Normal),2.343,False,None,2.343,-0.376,-0.75,-0.696,Applied_Voltage_kV,Load_Current_A; Sensor_S2; Ambient_Plus_Terminal
TST-0078,44.9077,Valid,43.4705,46.3449,2.8744,1.4372,20.0977,102.4123,39.0193,17.3209,15.7101,17.0202,19.0326,43.2151,0.1256,Normal Operating Condition,False,None,None,Normal,Sensor readings conform to physical electro-thermal equilibrium,N/A (Normal),0.379,False,None,0.379,0.057,0.093,0.126,Load_Current_A; Sensor_S2; Power_Proxy_kVA; Ambient_Plus_Terminal,Test_Duration_min; Sensor_S4; Applied_Voltage_kV
TST-0120,22.9503,Invalid,21.5131,24.3875,2.8744,1.4372,9.7496,62.3193,40.9615,54.4131,,10.1076,10.4031,39.3484,10.0,Missing readings in critical sensors: Sensor_S1,True,Missing Critical Sensor,Sensor_S1,Critical,Channel communication loss or unrecorded sensor in Sensor_S1,100.0% (Deterministic Rule),0.0,False,None,0.0,0.0,0.16,0.178,Ambient_Plus_Terminal; Test_Duration_min; Applied_Voltage_kV; Ambient_Temperature_C,Load_Current_A; Sensor_S2; Power_Proxy_kVA
TST-0093,30.8975,Valid,29.4603,32.3347,2.8744,1.4372,11.4736,84.5312,39.945,6.3344,10.3595,12.6319,12.247,34.19,0.1999,Normal Operating Condition,False,None,None,Normal,Sensor readings conform to physical electro-thermal equilibrium,N/A (Normal),1.433,False,None,1.433,-0.169,0.2,-0.192,Load_Current_A; Ambient_Plus_Terminal; Temp_Gradient_S2_S1; Applied_Voltage_kV,Sensor_S2; Power_Proxy_kVA; Test_Duration_min
TST-0051,15.7968,Valid,14.3596,17.234,2.8744,1.4372,12.013,57.6507,29.7992,14.7275,8.6408,9.5806,10.5032,52.4073,0.9566,Normal Operating Condition,True,Calibration Drift,Sensor_S3,Warning,Sensor_S3 shows borderline persistent bias of 0.96 deg C,98.3% (Z=2.39),2.737,False,None,2.737,-0.666,-0.751,-0.957,Temp_Gradient_S2_S1; Applied_Voltage_kV; Sensor_S4,Load_Current_A; Sensor_S2; Ambient_Plus_Terminal
TST-0010,15.9398,Valid,14.5026,17.377,2.8744,1.4372,19.985,31.075,21.0449,9.8098,11.4768,10.3583,15.1801,47.3264,0.4613,Normal Operating Condition,False,None,None,Normal,Sensor readings conform to physical electro-thermal equilibrium,N/A (Normal),1.98,False,None,1.98,-0.191,-0.461,-0.128,,Load_Current_A; Ambient_Plus_Terminal; Sensor_S2
TST-0013,52.048,Valid,50.6108,53.4852,2.8744,1.4372,30.2497,104.3665,40.4343,59.9019,20.9392,21.0575,25.7654,38.8897,0.4631,Normal Operating Condition,True,Genuine High-Temperature Operation,None (Equipment Alert),Warning,Sensors remain within physical residual bounds (|e| <= 1.25 deg C) and are jointly consistent; elevated temperature is consistent with high load rather than a sensor fault.,Physical Equilibrium Confirmed (MD=2.40),2.405,False,None,2.405,0.306,0.463,0.188,Load_Current_A; Sensor_S2; Ambient_Plus_Terminal; Power_Proxy_kVA,Applied_Voltage_kV; Sensor_S4
TST-0049,15.0349,Valid,13.5977,16.4721,2.8744,1.4372,9.2106,45.8648,32.5464,12.1243,7.4061,8.3853,8.9151,57.9413,0.1476,Normal Operating Condition,False,None,None,Normal,Sensor readings conform to physical electro-thermal equilibrium,N/A (Normal),1.757,False,None,1.757,0.094,0.023,-0.148,Temp_Gradient_S2_S1; Applied_Voltage_kV; Sensor_S4,Load_Current_A; Sensor_S2; Ambient_Plus_Terminal
TST-0041,17.5862,Valid,16.149,19.0234,2.8744,1.4372,25.6283,17.0443,23.9644,33.0057,13.5774,11.1713,18.0902,71.4974,0.4008,Normal Operating Condition,False,None,None,Normal,Sensor readings conform to physical electro-thermal equilibrium,N/A (Normal),1.496,False,None,1.496,-0.026,-0.401,-0.179,Terminal_TempRise_Mean; Sensor_S3; Test_Duration_min; Sensor_S1,Load_Current_A; Ambient_Plus_Terminal; Sensor_S2
TST-0055,31.6812,Valid,30.244,33.1184,2.8744,1.4372,27.5758,85.1272,28.4498,19.7583,18.0988,17.6798,22.8282,49.4384,0.3558,Normal Operating Condition,True,Genuine High-Temperature Operation,None (Equipment Alert),Warning,Sensors remain within physical residual bounds (|e| <= 1.25 deg C) and are jointly consistent; elevated temperature is consistent with high load rather than a sensor fault.,Physical Equilibrium Confirmed (MD=1.94),1.944,False,None,1.944,-0.191,-0.356,-0.067,Load_Current_A; Sensor_S2; Power_Proxy_kVA; Terminal_TempRise_Mean,Ambient_Plus_Terminal; Ambient_Temperature_C; Temp_Gradient_S2_S1
TST-0012,20.505,Valid,19.0678,21.9422,2.8744,1.4372,25.9218,56.0441,23.1709,32.1633,16.2874,14.8742,20.715,52.021,0.3939,Normal Operating Condition,False,None,None,Normal,Sensor readings conform to physical electro-thermal equilibrium,N/A (Normal),2.299,False,None,2.299,0.394,-0.117,0.328,Sensor_S2; Terminal_TempRise_Mean; Power_Proxy_kVA; Test_Duration_min,Load_Current_A; Ambient_Plus_Terminal; Temp_Gradient_S2_S1
TST-0127,48.4755,Valid,47.0383,49.9127,2.8744,1.4372,25.3972,106.7745,30.7686,35.3221,18.2694,18.9741,22.384,48.0167,0.1701,Normal Operating Condition,True,Genuine High-Temperature Operation,None (Equipment Alert),Warning,Sensors remain within physical residual bounds (|e| <= 1.25 deg C) and are jointly consistent; elevated temperature is consistent with high load rather than a sensor fault.,Physical Equilibrium Confirmed (MD=0.79),0.788,False,None,0.788,-0.168,-0.152,-0.17,Load_Current_A; Sensor_S2; Power_Proxy_kVA; Terminal_TempRise_Mean,Ambient_Plus_Terminal; Ambient_Temperature_C; Sensor_S4
TST-0225,26.6706,Valid,25.2334,28.1078,2.8744,1.4372,19.0288,74.3826,37.5924,9.4547,13.4877,14.2045,16.4055,38.277,0.4241,Normal Operating Condition,False,None,None,Normal,Sensor readings conform to physical electro-thermal equilibrium,N/A (Normal),2.01,False,None,2.01,-0.108,0.03,-0.424,Ambient_Plus_Terminal; Sensor_S2; Temp_Gradient_S2_S1; Terminal_TempRise_Mean,Load_Current_A; Test_Duration_min; Power_Proxy_kVA
TST-0050,23.4441,Valid,22.0069,24.8813,2.8744,1.4372,29.9168,65.3533,18.0,10.7333,18.0096,16.5584,22.662,42.8509,0.7715,Normal Operating Condition,False,None,None,Normal,Sensor readings conform to physical electro-thermal equilibrium,N/A (Normal),2.432,False,None,2.432,-0.314,-0.602,-0.772,Sensor_S2; Power_Proxy_kVA; Terminal_TempRise_Mean; Sensor_S1,Load_Current_A; Ambient_Plus_Terminal; Ambient_Temperature_C
TST-0172,34.9271,Invalid,33.4899,36.3643,2.8744,1.4372,22.7921,88.3424,46.6635,14.4081,15.9238,,19.6802,41.7033,10.0,Missing readings in critical sensors: Sensor_S2,True,Missing Critical Sensor,Sensor_S2,Critical,Channel communication loss or unrecorded sensor in Sensor_S2,100.0% (Deterministic Rule),0.0,False,None,0.0,-0.247,0.0,-0.276,Load_Current_A; Ambient_Plus_Terminal; Power_Proxy_kVA; Ambient_Temperature_C,Temp_Gradient_S2_S1; Sensor_S2; Test_Duration_min
TST-0079,32.6488,Valid,31.2116,34.086,2.8744,1.4372,25.224,87.5229,29.3254,41.6487,17.7487,17.3913,22.1395,43.6934,0.649,Normal Operating Condition,False,None,None,Normal,Sensor readings conform to physical electro-thermal equilibrium,N/A (Normal),2.342,False,None,2.342,0.455,-0.037,0.649,Load_Current_A; Sensor_S2; Power_Proxy_kVA; Terminal_TempRise_Mean,Ambient_Plus_Terminal; Ambient_Temperature_C; Temp_Gradient_S2_S1
TST-0046,22.2193,Valid,20.7821,23.6565,2.8744,1.4372,8.7152,70.4911,34.2776,40.8674,8.4062,10.4798,10.0985,49.9398,0.1935,Normal Operating Condition,False,None,None,Normal,Sensor readings conform to physical electro-thermal equilibrium,N/A (Normal),1.153,False,None,1.153,-0.025,0.193,0.139,Temp_Gradient_S2_S1; Test_Duration_min; Applied_Voltage_kV; Sensor_S4,Sensor_S2; Load_Current_A; Ambient_Plus_Terminal
TST-0325,18.3921,Valid,16.9549,19.8293,2.8744,1.4372,26.9438,20.0922,25.9292,27.2931,14.3267,12.0362,19.4761,40.4582,0.2489,Normal Operating Condition,False,None,None,Normal,Sensor readings conform to physical electro-thermal equilibrium,N/A (Normal),2.417,False,None,2.417,-0.076,-0.249,0.205,Terminal_TempRise_Mean; Temp_Gradient_S3_S1; Sensor_S1; Sensor_S3,Load_Current_A; Ambient_Plus_Terminal; Power_Proxy_kVA
TST-0280,21.2077,Valid,19.7705,22.6449,2.8744,1.4372,18.7658,43.8116,47.0126,28.5157,11.9664,11.9447,15.6788,55.2628,0.5304,Normal Operating Condition,False,None,None,Normal,Sensor readings conform to physical electro-thermal equilibrium,N/A (Normal),1.942,False,None,1.942,0.181,0.462,0.53,Ambient_Plus_Terminal; Ambient_Temperature_C; Terminal_TempRise_Mean; Sensor_S4,Load_Current_A; Power_Proxy_kVA; Temp_Gradient_S2_S1
TST-0140,15.2274,Valid,13.7902,16.6646,2.8744,1.4372,16.2125,23.9017,28.2074,22.751,9.142,8.6161,12.1774,68.9194,0.3337,Normal Operating Condition,False,None,None,Normal,Sensor readings conform to physical electro-thermal equilibrium,N/A (Normal),1.477,False,None,1.477,-0.32,-0.292,-0.334,Temp_Gradient_S3_S1; Applied_Voltage_kV,Load_Current_A; Sensor_S2; Ambient_Plus_Terminal
TST-0244,48.6774,Invalid,47.2402,50.1146,2.8744,1.4372,25.454,100.7206,45.1946,35.1069,18.105,18.9018,22.284,52.5979,5.0,Identical duplicate operational setpoint with conflicting record,True,Duplicate Setpoint Conflict,Multiple,Critical,Test bench data acquisition logged duplicate operational setpoints with conflicting records,100.0% (Deterministic Rule),1.166,False,None,1.166,-0.026,0.271,-0.008,Load_Current_A; Ambient_Plus_Terminal; Sensor_S2; Power_Proxy_kVA,Temp_Gradient_S3_S1
TST-0203,21.2962,Valid,19.859,22.7334,2.8744,1.4372,26.156,40.1803,41.1864,22.3833,15.0229,13.9633,19.6165,52.9373,0.241,Normal Operating Condition,False,None,None,Normal,Sensor readings conform to physical electro-thermal equilibrium,N/A (Normal),1.375,False,None,1.375,-0.109,0.241,-0.138,Sensor_S2; Ambient_Plus_Terminal; Terminal_TempRise_Mean; Sensor_S1,Load_Current_A; Power_Proxy_kVA; Temp_Gradient_S2_S1
TST-0238,18.3008,Valid,16.8636,19.738,2.8744,1.4372,22.5266,18.783,40.9927,35.1327,12.4443,11.0679,16.5357,51.3308,0.4175,Normal Operating Condition,False,None,None,Normal,Sensor readings conform to physical electro-thermal equilibrium,N/A (Normal),1.81,False,None,1.81,0.234,0.417,0.189,Ambient_Plus_Terminal; Test_Duration_min; Sensor_S4; Temp_Gradient_S3_S1,Load_Current_A; Sensor_S2; Power_Proxy_kVA
TST-0092,28.5864,Valid,27.1492,30.0236,2.8744,1.4372,10.0499,86.274,35.6335,6.2022,9.7052,11.9159,11.5846,,0.2363,Normal Operating Condition,False,None,None,Normal,Sensor readings conform to physical electro-thermal equilibrium,N/A (Normal),2.182,False,None,2.182,-0.236,-0.173,-0.019,Load_Current_A; Temp_Gradient_S2_S1; Applied_Voltage_kV; Ambient_Temperature_C,Sensor_S2; Ambient_Plus_Terminal; Power_Proxy_kVA
TST-0307,13.8399,Valid,12.4027,15.2771,2.8744,1.4372,11.5891,15.6856,38.2051,27.3734,6.6011,6.7593,8.708,42.644,0.4033,Normal Operating Condition,False,None,None,Normal,Sensor readings conform to physical electro-thermal equilibrium,N/A (Normal),1.869,False,None,1.869,-0.189,0.144,-0.403,Applied_Voltage_kV; Ambient_Temperature_C,Load_Current_A; Sensor_S2; Power_Proxy_kVA
TST-0176,28.8455,Valid,27.4083,30.2827,2.8744,1.4372,27.9527,84.9018,18.0,19.5788,17.9247,17.1501,22.2663,48.3531,0.9963,Normal Operating Condition,True,Calibration Drift,Sensor_S2,Warning,Sensor_S2 shows borderline persistent bias of 1.00 deg C,99.8% (Z=3.05),3.089,False,None,3.089,-0.534,-0.996,-0.862,Load_Current_A; Sensor_S2; Power_Proxy_kVA; Terminal_TempRise_Mean,Ambient_Plus_Terminal; Ambient_Temperature_C; Temp_Gradient_S2_S1
TST-0115,17.7964,Invalid,16.3592,19.2336,2.8744,1.4372,25.31,21.5097,30.379,12.4579,13.3257,11.1371,9.1531,54.1036,9.1306,Sensor_S3 physical deviation (9.13 deg C > threshold 1.25),True,Sensor Dropout,Sensor_S3,Critical,Sensor_S3 registered negative drop of 9.13 deg C below expectation (potential loose thermocouple),"100.0% (Z=22.81, residual=9.13 C)",54.556,True,Sensor_S3,54.556,-0.371,-0.705,-9.131,Terminal_TempRise_Mean; Sensor_S1; Sensor_S4,Load_Current_A; Ambient_Plus_Terminal; Sensor_S2
TST-0028,14.7064,Invalid,13.2692,16.1436,2.8744,1.4372,21.0995,59.2702,27.5547,42.5243,11.9225,6.1381,17.8292,52.7985,7.4644,Sensor_S1 physical deviation (1.83 deg C > threshold 1.25); Sensor_S2 physical deviation (7.46 deg C > threshold 1.25),True,Other Sensor Anomaly,"Sensor_S1, Sensor_S2",Critical,"Simultaneous multi-sensor deviation on Sensor_S1, Sensor_S2",100.0% (Max Z=22.85),37.479,True,"Sensor_S2, Sensor_S1",37.479,-1.834,-7.464,0.406,Test_Duration_min; Temp_Gradient_S3_S1; Sensor_S3; Sensor_S4,Load_Current_A; Sensor_S2; Ambient_Plus_Terminal
TST-0317,19.1601,Valid,17.7229,20.5973,2.8744,1.4372,14.3596,61.3514,40.6721,46.5558,10.7274,11.6334,13.5321,64.8251,0.3699,Normal Operating Condition,False,None,None,Normal,Sensor readings conform to physical electro-thermal equilibrium,N/A (Normal),1.504,False,None,1.504,0.091,0.178,0.37,Ambient_Plus_Terminal; Test_Duration_min; Temp_Gradient_S2_S1; Sensor_S4,Load_Current_A; Sensor_S2; Power_Proxy_kVA
TST-0251,38.6306,Valid,37.1934,40.0678,2.8744,1.4372,17.9426,99.8618,23.0317,44.8135,14.6824,15.782,17.5555,44.0474,0.204,Normal Operating Condition,False,None,None,Normal,Sensor readings conform to physical electro-thermal equilibrium,N/A (Normal),1.511,False,None,1.511,0.204,-0.185,0.17,Load_Current_A; Power_Proxy_kVA; Sensor_S2; Temp_Gradient_S2_S1,Ambient_Plus_Terminal; Ambient_Temperature_C; Sensor_S4
TST-0301,14.7594,Valid,13.3222,16.1966,2.8744,1.4372,17.3698,20.2235,25.3929,15.9878,9.3412,8.3056,12.509,32.0366,0.689,Normal Operating Condition,False,None,None,Normal,Sensor readings conform to physical electro-thermal equilibrium,N/A (Normal),2.483,False,None,2.483,-0.474,-0.689,-0.57,Sensor_S4; Sensor_S3; Temp_Gradient_S3_S1; Applied_Voltage_kV,Load_Current_A; Sensor_S2; Ambient_Plus_Terminal
TST-0116,36.8543,Valid,35.4171,38.2915,2.8744,1.4372,31.0205,87.1916,39.2999,48.8929,20.1083,19.5905,25.2985,49.9431,0.1914,Normal Operating Condition,True,Genuine High-Temperature Operation,None (Equipment Alert),Warning,Sensors remain within physical residual bounds (|e| <= 1.25 deg C) and are jointly consistent; elevated temperature is consistent with high load rather than a sensor fault.,Physical Equilibrium Confirmed (MD=0.68),0.68,False,None,0.68,0.051,0.191,0.071,Load_Current_A; Sensor_S2; Ambient_Plus_Terminal; Power_Proxy_kVA,Temp_Gradient_S2_S1; Applied_Voltage_kV
TST-0056,24.3621,Valid,22.9249,25.7993,2.8744,1.4372,30.7103,34.1418,47.1514,43.3094,16.9376,15.2111,22.5632,50.3125,0.4319,Normal Operating Condition,False,None,None,Normal,Sensor readings conform to physical electro-thermal equilibrium,N/A (Normal),1.96,False,None,1.96,-0.047,0.432,0.158,Ambient_Plus_Terminal; Sensor_S2; Ambient_Temperature_C; Terminal_TempRise_Mean,Load_Current_A; Temp_Gradient_S2_S1; Power_Proxy_kVA
TST-0166,27.4327,Valid,25.9955,28.8699,2.8744,1.4372,11.4367,83.0082,32.1293,35.1406,10.367,12.468,12.3784,58.0808,0.1783,Normal Operating Condition,False,None,None,Normal,Sensor readings conform to physical electro-thermal equilibrium,N/A (Normal),1.004,False,None,1.004,-0.06,0.178,0.039,Load_Current_A; Temp_Gradient_S2_S1; Applied_Voltage_kV; Sensor_S4,Ambient_Plus_Terminal; Sensor_S2; Power_Proxy_kVA
TST-0247,32.9138,Valid,31.4766,34.351,2.8744,1.4372,16.8593,89.6209,32.1454,36.4665,13.3082,14.458,15.9008,53.1133,0.2771,Normal Operating Condition,False,None,None,Normal,Sensor readings conform to physical electro-thermal equilibrium,N/A (Normal),1.084,False,None,1.084,-0.086,-0.264,-0.277,Load_Current_A; Power_Proxy_kVA; Temp_Gradient_S2_S1; Sensor_S2,Ambient_Plus_Terminal; Ambient_Temperature_C; Sensor_S1
TST-0291,27.5538,Valid,26.1166,28.991,2.8744,1.4372,19.9802,70.4893,40.1659,56.5327,14.104,14.4315,17.688,37.9299,0.4348,Normal Operating Condition,False,None,None,Normal,Sensor readings conform to physical electro-thermal equilibrium,N/A (Normal),1.101,False,None,1.101,0.266,0.261,0.435,Ambient_Plus_Terminal; Sensor_S2; Test_Duration_min; Terminal_TempRise_Mean,Load_Current_A; Power_Proxy_kVA; Applied_Voltage_kV
TST-0167,30.001,Invalid,28.5638,31.4382,2.8744,1.4372,31.8268,69.7911,39.2006,23.2588,19.2659,18.1398,,49.1798,10.0,Missing readings in critical sensors: Sensor_S3,True,Missing Critical Sensor,Sensor_S3,Critical,Channel communication loss or unrecorded sensor in Sensor_S3,100.0% (Deterministic Rule),0.0,False,None,0.0,-0.219,-0.057,0.0,Sensor_S2; Ambient_Plus_Terminal; Power_Proxy_kVA; Terminal_TempRise_Mean,Load_Current_A; Temp_Gradient_S2_S1; Test_Duration_min
TST-0313,47.5589,Valid,46.1217,48.9961,2.8744,1.4372,31.984,103.9042,30.1441,32.3614,21.6564,21.0795,26.7784,39.7729,0.2159,Normal Operating Condition,True,Genuine High-Temperature Operation,None (Equipment Alert),Warning,Sensors remain within physical residual bounds (|e| <= 1.25 deg C) and are jointly consistent; elevated temperature is consistent with high load rather than a sensor fault.,Physical Equilibrium Confirmed (MD=1.52),1.519,False,None,1.519,0.216,-0.074,0.101,Load_Current_A; Sensor_S2; Power_Proxy_kVA; Terminal_TempRise_Mean,Temp_Gradient_S2_S1; Ambient_Plus_Terminal; Ambient_Temperature_C
TST-0105,13.9828,Valid,12.5456,15.42,2.8744,1.4372,9.1839,23.9608,37.1302,33.8431,6.2038,6.8954,7.9787,49.1978,0.4058,Normal Operating Condition,False,None,None,Normal,Sensor readings conform to physical electro-thermal equilibrium,N/A (Normal),1.923,False,None,1.923,0.112,0.406,0.016,Test_Duration_min; Applied_Voltage_kV; Temp_Gradient_S2_S1; Ambient_Temperature_C,Load_Current_A; Sensor_S2; Power_Proxy_kVA
TST-0104,20.8085,Valid,19.3713,22.2457,2.8744,1.4372,25.1518,58.5964,25.5949,36.0975,15.9758,14.817,20.335,29.8962,0.3209,Normal Operating Condition,False,None,None,Normal,Sensor readings conform to physical electro-thermal equilibrium,N/A (Normal),1.809,False,None,1.809,0.311,-0.126,0.321,Sensor_S2; Power_Proxy_kVA; Terminal_TempRise_Mean; Test_Duration_min,Load_Current_A; Ambient_Plus_Terminal; Temp_Gradient_S2_S1
TST-0045,35.4449,Valid,34.0077,36.8821,2.8744,1.4372,28.9489,83.3721,40.7141,25.3166,18.7208,18.383,23.7453,64.5864,0.1315,Normal Operating Condition,False,None,None,Normal,Sensor readings conform to physical electro-thermal equilibrium,N/A (Normal),1.47,False,None,1.47,-0.132,0.023,0.048,Load_Current_A; Sensor_S2; Ambient_Plus_Terminal; Power_Proxy_kVA,Temp_Gradient_S2_S1; Applied_Voltage_kV; Test_Duration_min
TST-0289,44.165,Valid,42.7278,45.6022,2.8744,1.4372,16.163,107.2593,23.834,9.7187,13.6806,15.2232,16.2027,57.1252,0.7594,Normal Operating Condition,False,None,None,Normal,Sensor readings conform to physical electro-thermal equilibrium,N/A (Normal),2.708,False,None,2.708,-0.351,-0.759,-0.396,Load_Current_A; Power_Proxy_kVA; Temp_Gradient_S2_S1; Sensor_S2,Ambient_Plus_Terminal; Ambient_Temperature_C; Test_Duration_min
TST-0048,27.1823,Valid,25.7451,28.6195,2.8744,1.4372,24.2808,63.8492,37.0923,37.6131,15.7549,15.3942,20.1458,37.8754,0.436,Normal Operating Condition,False,None,None,Normal,Sensor readings conform to physical electro-thermal equilibrium,N/A (Normal),1.193,False,None,1.193,0.219,0.305,0.436,Sensor_S2; Ambient_Plus_Terminal; Power_Proxy_kVA; Terminal_TempRise_Mean,Load_Current_A; Temp_Gradient_S2_S1; Temp_Gradient_S3_S1
TST-0110,18.4562,Valid,17.019,19.8934,2.8744,1.4372,17.6361,52.1512,35.5657,19.1301,11.5861,11.9157,14.7651,44.8691,0.1161,Normal Operating Condition,False,None,None,Normal,Sensor readings conform to physical electro-thermal equilibrium,N/A (Normal),0.951,False,None,0.951,-0.116,0.113,-0.064,,Load_Current_A; Power_Proxy_kVA; Sensor_S2
TST-0037,39.767,Invalid,38.3298,41.2042,2.8744,1.4372,23.8678,102.2678,28.4244,27.8679,14.2703,13.8133,21.5493,37.6753,4.4017,Sensor_S1 physical deviation (3.18 deg C > threshold 1.25); Sensor_S2 physical deviation (4.40 deg C > threshold 1.25),True,Other Sensor Anomaly,"Sensor_S1, Sensor_S2",Critical,"Simultaneous multi-sensor deviation on Sensor_S1, Sensor_S2",100.0% (Max Z=13.47),35.937,True,"Sensor_S1, Sensor_S2",35.937,-3.185,-4.402,0.208,Load_Current_A; Power_Proxy_kVA; Temp_Gradient_S3_S1; Terminal_TempRise_Mean,Ambient_Plus_Terminal; Sensor_S2; Temp_Gradient_S2_S1
TST-0305,18.6496,Valid,17.2124,20.0868,2.8744,1.4372,23.876,25.1723,29.688,53.4562,13.6811,11.9802,18.1529,51.3542,0.6167,Normal Operating Condition,False,None,None,Normal,Sensor readings conform to physical electro-thermal equilibrium,N/A (Normal),1.815,False,None,1.815,0.471,0.321,0.617,Test_Duration_min; Terminal_TempRise_Mean; Sensor_S3,Load_Current_A; Ambient_Plus_Terminal; Power_Proxy_kVA
TST-0240,32.2698,Valid,30.8326,33.707,2.8744,1.4372,24.8665,84.9655,32.4409,56.9997,17.0566,16.8657,21.3945,38.0132,0.2619,Normal Operating Condition,False,None,None,Normal,Sensor readings conform to physical electro-thermal equilibrium,N/A (Normal),1.799,False,None,1.799,0.076,-0.222,0.262,Load_Current_A; Sensor_S2; Power_Proxy_kVA; Terminal_TempRise_Mean,Ambient_Plus_Terminal; Temp_Gradient_S2_S1; Ambient_Temperature_C
TST-0155,34.3598,Valid,32.9226,35.797,2.8744,1.4372,22.3982,81.841,45.0517,43.0984,15.9808,16.5287,19.8772,39.2784,0.5582,Normal Operating Condition,False,None,None,Normal,Sensor readings conform to physical electro-thermal equilibrium,N/A (Normal),1.846,False,None,1.846,0.357,0.558,0.497,Ambient_Plus_Terminal; Load_Current_A; Sensor_S2; Power_Proxy_kVA,Temp_Gradient_S3_S1; Sensor_S3
TST-0119,52.1909,Valid,50.7537,53.6281,2.8744,1.4372,21.4829,109.4141,39.3748,47.9987,17.0936,18.3126,20.9424,49.3286,0.7924,Normal Operating Condition,False,None,None,Normal,Sensor readings conform to physical electro-thermal equilibrium,N/A (Normal),2.167,False,None,2.167,0.39,0.312,0.792,Load_Current_A; Sensor_S2; Power_Proxy_kVA; Ambient_Plus_Terminal,Temp_Gradient_S3_S1
TST-0295,23.2173,Valid,21.7801,24.6545,2.8744,1.4372,11.1999,76.9108,32.0316,40.1671,9.9929,11.6305,11.661,52.5182,0.2242,Normal Operating Condition,False,None,None,Normal,Sensor readings conform to physical electro-thermal equilibrium,N/A (Normal),1.487,False,None,1.487,0.015,-0.059,-0.224,Temp_Gradient_S2_S1; Applied_Voltage_kV; Test_Duration_min,Ambient_Plus_Terminal; Sensor_S2; Load_Current_A
TST-0229,18.5731,Valid,17.1359,20.0103,2.8744,1.4372,24.0988,30.2592,35.1652,17.3277,13.4571,11.856,18.0257,52.0449,0.3129,Normal Operating Condition,False,None,None,Normal,Sensor readings conform to physical electro-thermal equilibrium,N/A (Normal),2.378,False,None,2.378,-0.141,-0.313,0.094,Terminal_TempRise_Mean; Sensor_S3,Load_Current_A; Power_Proxy_kVA; Ambient_Plus_Terminal
TST-0106,21.181,Valid,19.7438,22.6182,2.8744,1.4372,27.8899,39.0658,34.1406,45.3573,16.3451,14.5827,21.403,62.8932,0.5811,Normal Operating Condition,False,None,None,Normal,Sensor readings conform to physical electro-thermal equilibrium,N/A (Normal),1.722,False,None,1.722,0.443,0.357,0.581,Sensor_S2; Terminal_TempRise_Mean; Test_Duration_min; Sensor_S3,Load_Current_A; Temp_Gradient_S2_S1; Power_Proxy_kVA
TST-0052,15.9622,Valid,14.525,17.3994,2.8744,1.4372,14.9172,16.6382,40.491,40.8098,8.6402,8.1441,11.7673,43.1567,0.4539,Normal Operating Condition,False,None,None,Normal,Sensor readings conform to physical electro-thermal equilibrium,N/A (Normal),1.326,False,None,1.326,0.2,0.3,0.454,Test_Duration_min; Ambient_Plus_Terminal; Applied_Voltage_kV; Temp_Gradient_S3_S1,Load_Current_A; Sensor_S2; Power_Proxy_kVA
TST-0276,22.4414,Invalid,21.0042,23.8786,2.8744,1.4372,31.3213,19.1904,41.5709,45.9848,9.5361,13.9864,22.1323,33.2518,6.9182,Sensor_S1 physical deviation (6.92 deg C > threshold 1.25),True,Sensor Dropout,Sensor_S1,Critical,Sensor_S1 registered negative drop of 6.92 deg C below expectation (potential loose thermocouple),"100.0% (Z=26.42, residual=6.92 C)",63.5,True,Sensor_S1,63.5,-6.918,0.268,0.071,Sensor_S2; Temp_Gradient_S2_S1; Ambient_Plus_Terminal; Test_Duration_min,Load_Current_A; Power_Proxy_kVA; Terminal_TempRise_Mean
TST-0216,21.6566,Valid,20.2194,23.0938,2.8744,1.4372,13.335,68.3965,30.3267,35.954,10.4274,11.6912,12.6355,,0.2114,Normal Operating Condition,False,None,None,Normal,Sensor readings conform to physical electro-thermal equilibrium,N/A (Normal),0.705,False,None,0.705,-0.106,-0.01,-0.211,Temp_Gradient_S2_S1; Test_Duration_min; Applied_Voltage_kV,Load_Current_A; Ambient_Plus_Terminal; Sensor_S2
TST-0208,20.186,Valid,18.7488,21.6232,2.8744,1.4372,24.7456,35.0884,44.2474,11.0521,13.8781,13.0182,18.4598,68.3721,0.2962,Normal Operating Condition,False,None,None,Normal,Sensor readings conform to physical electro-thermal equilibrium,N/A (Normal),2.328,False,None,2.328,-0.296,0.215,-0.13,Ambient_Plus_Terminal; Sensor_S2; Terminal_TempRise_Mean; Ambient_Temperature_C,Load_Current_A; Power_Proxy_kVA; Temp_Gradient_S2_S1
TST-0188,21.6186,Valid,20.1814,23.0558,2.8744,1.4372,29.904,52.0431,25.4967,38.7562,17.7343,15.8966,23.1896,47.1751,0.4222,Normal Operating Condition,False,None,None,Normal,Sensor readings conform to physical electro-thermal equilibrium,N/A (Normal),2.036,False,None,2.036,0.15,-0.127,0.422,Sensor_S2; Terminal_TempRise_Mean; Power_Proxy_kVA; Sensor_S1,Load_Current_A; Ambient_Plus_Terminal; Temp_Gradient_S2_S1
TST-0145,49.9541,Valid,48.5169,51.3913,2.8744,1.4372,27.748,105.4224,33.1717,37.2873,19.7082,19.9779,24.1663,58.7069,0.2172,Normal Operating Condition,True,Genuine High-Temperature Operation,None (Equipment Alert),Warning,Sensors remain within physical residual bounds (|e| <= 1.25 deg C) and are jointly consistent; elevated temperature is consistent with high load rather than a sensor fault.,Physical Equilibrium Confirmed (MD=1.24),1.244,False,None,1.244,0.217,0.156,0.157,Load_Current_A; Sensor_S2; Power_Proxy_kVA; Terminal_TempRise_Mean,Ambient_Temperature_C; Applied_Voltage_kV; Temp_Gradient_S3_S1
TST-0039,21.4923,Valid,20.0551,22.9295,2.8744,1.4372,28.8366,45.5531,35.8252,9.948,16.547,15.2398,21.508,46.342,0.2475,Normal Operating Condition,False,None,None,Normal,Sensor readings conform to physical electro-thermal equilibrium,N/A (Normal),1.289,False,None,1.289,-0.167,0.136,-0.247,Sensor_S2; Terminal_TempRise_Mean; Ambient_Plus_Terminal; Sensor_S3,Load_Current_A; Temp_Gradient_S2_S1; Test_Duration_min
TST-0173,18.7247,Valid,17.2875,20.1619,2.8744,1.4372,19.5068,59.0677,24.8748,35.4256,13.073,12.9891,16.6625,37.6838,0.2803,Normal Operating Condition,False,None,None,Normal,Sensor readings conform to physical electro-thermal equilibrium,N/A (Normal),1.281,False,None,1.281,0.092,-0.047,0.28,Sensor_S2; Terminal_TempRise_Mean; Test_Duration_min,Load_Current_A; Ambient_Plus_Terminal; Power_Proxy_kVA
TST-0082,20.2581,Valid,18.8209,21.6953,2.8744,1.4372,23.017,51.9584,32.5362,45.7827,14.6302,13.6698,18.7146,61.1538,0.4108,Normal Operating Condition,False,None,None,Normal,Sensor readings conform to physical electro-thermal equilibrium,N/A (Normal),1.635,False,None,1.635,0.356,0.028,0.411,Sensor_S2; Terminal_TempRise_Mean; Test_Duration_min; Sensor_S4,Load_Current_A; Ambient_Plus_Terminal; Power_Proxy_kVA
TST-0296,36.7291,Valid,35.2919,38.1663,2.8744,1.4372,29.7412,88.1261,35.2366,50.2439,19.4904,18.8016,24.5876,47.8634,0.2359,Normal Operating Condition,True,Genuine High-Temperature Operation,None (Equipment Alert),Warning,Sensors remain within physical residual bounds (|e| <= 1.25 deg C) and are jointly consistent; elevated temperature is consistent with high load rather than a sensor fault.,Physical Equilibrium Confirmed (MD=1.58),1.577,False,None,1.577,-0.004,-0.236,0.142,Load_Current_A; Sensor_S2; Power_Proxy_kVA; Ambient_Plus_Terminal,Temp_Gradient_S2_S1; Ambient_Temperature_C; Applied_Voltage_kV
TST-0297,35.4494,Valid,34.0122,36.8866,2.8744,1.4372,8.7693,98.6309,19.4155,13.3733,9.8811,12.3778,11.1197,50.1294,0.321,Normal Operating Condition,False,None,None,Normal,Sensor readings conform to physical electro-thermal equilibrium,N/A (Normal),1.013,False,None,1.013,-0.127,-0.321,-0.265,Load_Current_A; Temp_Gradient_S2_S1; Applied_Voltage_kV,Ambient_Plus_Terminal; Sensor_S2; Ambient_Temperature_C
TST-0125,17.4476,Valid,16.0104,18.8848,2.8744,1.4372,16.8055,33.8729,37.7834,41.9457,10.6377,10.3782,14.1325,68.4621,0.7446,Normal Operating Condition,False,None,None,Normal,Sensor readings conform to physical electro-thermal equilibrium,N/A (Normal),2.079,False,None,2.079,0.341,0.417,0.745,Test_Duration_min; Temp_Gradient_S3_S1,Load_Current_A; Sensor_S2; Power_Proxy_kVA
TST-0199,21.5718,Invalid,20.1346,23.009,2.8744,1.4372,27.3589,60.0954,31.5213,14.3123,16.3744,15.2603,13.0569,54.1732,8.4605,Sensor_S3 physical deviation (8.46 deg C > threshold 1.25),True,Sensor Dropout,Sensor_S3,Critical,Sensor_S3 registered negative drop of 8.46 deg C below expectation (potential loose thermocouple),"100.0% (Z=21.14, residual=8.46 C)",49.987,True,Sensor_S3,49.987,-0.432,-0.571,-8.46,Sensor_S2; Power_Proxy_kVA; Terminal_TempRise_Mean; Sensor_S1,Load_Current_A; Ambient_Plus_Terminal; Temp_Gradient_S2_S1
TST-0330,21.6054,Valid,20.1682,23.0426,2.8744,1.4372,30.6134,43.9267,32.1821,19.7523,17.2037,15.2548,22.3296,61.3117,0.496,Normal Operating Condition,False,None,None,Normal,Sensor readings conform to physical electro-thermal equilibrium,N/A (Normal),1.264,False,None,1.264,-0.274,-0.323,-0.496,Sensor_S2; Terminal_TempRise_Mean; Sensor_S1; Sensor_S3,Load_Current_A; Temp_Gradient_S2_S1; Ambient_Plus_Terminal
TST-0133,36.125,Valid,34.6878,37.5622,2.8744,1.4372,10.3435,94.0338,40.8492,16.9888,9.8412,12.6917,11.4227,68.9057,0.7542,Normal Operating Condition,False,None,None,Normal,Sensor readings conform to physical electro-thermal equilibrium,N/A (Normal),2.927,False,None,2.927,-0.669,-0.159,-0.754,Load_Current_A; Temp_Gradient_S2_S1; Ambient_Plus_Terminal; Applied_Voltage_kV,Sensor_S2; Power_Proxy_kVA; Terminal_TempRise_Mean
TST-0175,31.439,Valid,30.0018,32.8762,2.8744,1.4372,19.3812,85.4756,34.3524,24.4221,14.4051,15.3588,17.6406,36.5486,0.1195,Normal Operating Condition,False,None,None,Normal,Sensor readings conform to physical electro-thermal equilibrium,N/A (Normal),0.449,False,None,0.449,0.029,0.12,0.035,Load_Current_A; Sensor_S2; Power_Proxy_kVA; Temp_Gradient_S2_S1,Ambient_Plus_Terminal; Ambient_Temperature_C; Test_Duration_min
TST-0270,45.1568,Valid,43.7196,46.594,2.8744,1.4372,23.6199,103.9838,30.9081,33.1999,17.2209,18.0284,20.9906,48.1107,0.2748,Normal Operating Condition,False,None,None,Normal,Sensor readings conform to physical electro-thermal equilibrium,N/A (Normal),0.905,False,None,0.905,-0.21,-0.247,-0.275,Load_Current_A; Sensor_S2; Power_Proxy_kVA; Terminal_TempRise_Mean,Ambient_Plus_Terminal; Ambient_Temperature_C; Temp_Gradient_S3_S1
TST-0255,17.1264,Valid,15.6892,18.5636,2.8744,1.4372,15.5867,40.6229,38.8442,13.6329,9.78,10.01,12.497,42.6867,0.4353,Normal Operating Condition,False,None,None,Normal,Sensor readings conform to physical electro-thermal equilibrium,N/A (Normal),1.273,False,None,1.273,-0.303,-0.105,-0.435,Ambient_Plus_Terminal; Ambient_Temperature_C; Applied_Voltage_kV,Load_Current_A; Sensor_S2; Power_Proxy_kVA
TST-0025,13.4296,Valid,11.9924,14.8668,2.8744,1.4372,11.4553,17.2843,33.0048,28.8634,6.8286,6.5492,9.1718,42.9803,0.1557,Normal Operating Condition,False,None,None,Normal,Sensor readings conform to physical electro-thermal equilibrium,N/A (Normal),0.846,False,None,0.846,0.014,-0.156,0.068,Applied_Voltage_kV,Load_Current_A; Sensor_S2; Ambient_Plus_Terminal
TST-0073,13.8653,Valid,12.4281,15.3025,2.8744,1.4372,9.3587,28.1815,29.7948,52.0175,6.7397,7.0497,8.7426,61.1604,0.4579,Normal Operating Condition,False,None,None,Normal,Sensor readings conform to physical electro-thermal equilibrium,N/A (Normal),1.331,False,None,1.331,0.331,0.141,0.458,Test_Duration_min; Applied_Voltage_kV; Sensor_S4,Load_Current_A; Sensor_S2; Ambient_Plus_Terminal
TST-0077,20.7374,Valid,19.3002,22.1746,2.8744,1.4372,22.4631,53.5989,36.6661,53.9745,14.1256,13.7597,17.9785,48.9487,0.1694,Normal Operating Condition,False,None,None,Normal,Sensor readings conform to physical electro-thermal equilibrium,N/A (Normal),0.977,False,None,0.977,0.027,0.169,-0.048,Sensor_S2; Test_Duration_min; Terminal_TempRise_Mean; Ambient_Plus_Terminal,Load_Current_A; Power_Proxy_kVA; Temp_Gradient_S2_S1
TST-0293,14.6115,Valid,13.1743,16.0487,2.8744,1.4372,12.7692,42.7613,22.7509,24.196,8.6002,8.7241,10.7962,48.2949,0.6013,Normal Operating Condition,False,None,None,Normal,Sensor readings conform to physical electro-thermal equilibrium,N/A (Normal),1.869,False,None,1.869,-0.249,-0.601,-0.417,Applied_Voltage_kV,Load_Current_A; Sensor_S2; Ambient_Plus_Terminal
TST-0212,34.2241,Invalid,32.7869,35.6613,2.8744,1.4372,26.2137,81.7557,40.9103,33.0369,26.8678,17.5383,22.0792,55.2768,9.4173,Sensor_S1 physical deviation (9.42 deg C > threshold 1.25),True,Sensor Spike,Sensor_S1,Critical,Sensor_S1 registered abrupt positive spike of 9.42 deg C above thermodynamic expectation,"100.0% (Z=35.97, residual=9.42 C)",84.689,True,Sensor_S1,84.689,9.417,0.259,0.233,Ambient_Plus_Terminal; Sensor_S2; Load_Current_A; Power_Proxy_kVA,Temp_Gradient_S2_S1; Sensor_S4; Temp_Gradient_S3_S1
TST-0081,13.9389,Valid,12.5017,15.3761,2.8744,1.4372,10.0298,30.2069,35.2365,8.2074,6.5669,7.0809,8.6565,37.844,0.2754,Normal Operating Condition,False,None,None,Normal,Sensor readings conform to physical electro-thermal equilibrium,N/A (Normal),1.8,False,None,1.8,-0.275,-0.232,-0.163,Applied_Voltage_kV,Load_Current_A; Sensor_S2; Power_Proxy_kVA
TST-0328,19.6316,Valid,18.1944,21.0688,2.8744,1.4372,26.7307,17.5436,40.0392,51.4167,14.3568,12.2623,19.5747,36.3566,0.5671,Normal Operating Condition,False,None,None,Normal,Sensor readings conform to physical electro-thermal equilibrium,N/A (Normal),1.919,False,None,1.919,0.197,0.268,0.567,Ambient_Plus_Terminal; Test_Duration_min; Terminal_TempRise_Mean; Temp_Gradient_S3_S1,Load_Current_A; Power_Proxy_kVA; Temp_Gradient_S2_S1
TST-0290,50.985,Invalid,49.5478,52.4222,2.8744,1.4372,26.1734,101.2701,45.6656,54.7046,18.6301,19.2058,15.5017,29.1733,7.283,Sensor_S3 physical deviation (7.28 deg C > threshold 1.25),True,Sensor Dropout,Sensor_S3,Critical,Sensor_S3 registered negative drop of 7.28 deg C below expectation (potential loose thermocouple),"100.0% (Z=18.20, residual=7.28 C)",48.046,True,Sensor_S3,48.046,0.124,0.281,-7.283,Load_Current_A; Ambient_Plus_Terminal; Sensor_S2; Power_Proxy_kVA,Sensor_S3; Temp_Gradient_S3_S1
TST-0337,17.0704,Valid,15.6332,18.5076,2.8744,1.4372,11.9415,51.5186,39.9015,15.5897,8.8002,9.6896,11.0252,53.2647,0.134,Normal Operating Condition,False,None,None,Normal,Sensor readings conform to physical electro-thermal equilibrium,N/A (Normal),0.823,False,None,0.823,-0.134,-0.095,-0.085,Ambient_Plus_Terminal; Temp_Gradient_S2_S1; Applied_Voltage_kV; Sensor_S4,Load_Current_A; Sensor_S2; Power_Proxy_kVA
TST-0171,22.9164,Valid,21.4792,24.3536,2.8744,1.4372,10.0358,82.3185,23.8752,49.7964,9.5046,11.0765,11.1063,50.4016,0.6714,Normal Operating Condition,False,None,None,Normal,Sensor readings conform to physical electro-thermal equilibrium,N/A (Normal),2.28,False,None,2.28,-0.212,-0.671,-0.292,Load_Current_A; Temp_Gradient_S2_S1; Test_Duration_min; Applied_Voltage_kV,Ambient_Plus_Terminal; Sensor_S2; Power_Proxy_kVA
TST-0057,30.6317,Valid,29.1945,32.0689,2.8744,1.4372,12.7639,82.9347,40.0968,44.1266,11.2377,13.0175,13.2985,54.3475,0.2764,Normal Operating Condition,False,None,None,Normal,Sensor readings conform to physical electro-thermal equilibrium,N/A (Normal),1.452,False,None,1.452,0.178,0.276,0.103,Load_Current_A; Ambient_Plus_Terminal; Temp_Gradient_S2_S1; Applied_Voltage_kV,Power_Proxy_kVA; Sensor_S2; Sensor_S1
TST-0284,19.3612,Valid,17.924,20.7984,2.8744,1.4372,21.8755,53.156,29.7641,23.898,14.0951,13.3352,18.0134,56.1625,0.3896,Normal Operating Condition,False,None,None,Normal,Sensor readings conform to physical electro-thermal equilibrium,N/A (Normal),1.476,False,None,1.476,0.303,-0.015,0.39,Sensor_S2; Terminal_TempRise_Mean; Sensor_S3,Load_Current_A; Ambient_Plus_Terminal; Power_Proxy_kVA
TST-0063,22.0771,Invalid,20.6399,23.5143,2.8744,1.4372,25.9357,68.1804,27.7991,32.279,13.4661,11.0461,20.9,57.6919,4.9822,Sensor_S1 physical deviation (3.10 deg C > threshold 1.25); Sensor_S2 physical deviation (4.98 deg C > threshold 1.25),True,Other Sensor Anomaly,"Sensor_S1, Sensor_S2",Critical,"Simultaneous multi-sensor deviation on Sensor_S1, Sensor_S2",100.0% (Max Z=15.25),34.939,True,"Sensor_S1, Sensor_S2",34.939,-3.103,-4.982,-0.095,Power_Proxy_kVA; Test_Duration_min; Temp_Gradient_S3_S1; Sensor_S3,Load_Current_A; Ambient_Plus_Terminal; Sensor_S2
TST-0022,21.215,Valid,19.7778,22.6522,2.8744,1.4372,10.3023,62.2974,37.2519,46.4694,9.0342,10.312,11.0204,55.6008,0.4387,Normal Operating Condition,False,None,None,Normal,Sensor readings conform to physical electro-thermal equilibrium,N/A (Normal),1.161,False,None,1.161,0.293,0.175,0.439,Temp_Gradient_S2_S1; Test_Duration_min; Applied_Voltage_kV; Ambient_Temperature_C,Load_Current_A; Sensor_S2; Power_Proxy_kVA
TST-0044,17.4119,Valid,15.9747,18.8491,2.8744,1.4372,18.4584,30.2291,42.0081,21.0071,10.7508,10.1894,14.041,48.47,0.2371,Normal Operating Condition,False,None,None,Normal,Sensor readings conform to physical electro-thermal equilibrium,N/A (Normal),0.712,False,None,0.712,-0.138,-0.032,-0.237,Ambient_Plus_Terminal; Applied_Voltage_kV,Load_Current_A; Sensor_S2; Power_Proxy_kVA
TST-0035,24.5054,Valid,23.0682,25.9426,2.8744,1.4372,10.9896,80.6186,28.3674,33.9445,9.9445,11.836,11.7472,33.1429,0.1851,Normal Operating Condition,False,None,None,Normal,Sensor readings conform to physical electro-thermal equilibrium,N/A (Normal),0.519,False,None,0.519,-0.136,-0.096,-0.185,Load_Current_A; Temp_Gradient_S2_S1; Applied_Voltage_kV; Sensor_S4,Ambient_Plus_Terminal; Sensor_S2; Power_Proxy_kVA
TST-0258,44.4297,Invalid,42.9925,45.8669,2.8744,1.4372,27.3576,101.1171,30.0031,41.0031,19.0953,19.0595,1.0,56.9227,22.5439,Sensor_S3 physical deviation (22.54 deg C > threshold 1.25),True,Sensor Dropout,Sensor_S3,Critical,Sensor_S3 registered negative drop of 22.54 deg C below expectation (potential loose thermocouple),"100.0% (Z=56.32, residual=22.54 C)",144.227,True,Sensor_S3,144.227,0.029,-0.261,-22.544,Load_Current_A; Sensor_S2; Power_Proxy_kVA; Terminal_TempRise_Mean,Ambient_Plus_Terminal; Ambient_Temperature_C; Sensor_S3
TST-0334,26.4999,Valid,25.0627,27.9371,2.8744,1.4372,29.8743,68.3123,29.0157,58.4944,18.7796,17.5912,24.1211,62.3234,0.5689,Normal Operating Condition,False,None,None,Normal,Sensor readings conform to physical electro-thermal equilibrium,N/A (Normal),1.512,False,None,1.512,0.313,0.193,0.569,Sensor_S2; Power_Proxy_kVA; Terminal_TempRise_Mean; Test_Duration_min,Load_Current_A; Ambient_Plus_Terminal; Temp_Gradient_S2_S1
TST-0018,27.6587,Valid,26.2215,29.0959,2.8744,1.4372,21.9708,79.8333,26.5954,54.7186,15.6423,15.9162,19.4837,,0.4797,Normal Operating Condition,False,None,None,Normal,Sensor readings conform to physical electro-thermal equilibrium,N/A (Normal),1.285,False,None,1.285,0.334,0.264,0.48,Sensor_S2; Power_Proxy_kVA; Load_Current_A; Terminal_TempRise_Mean,Ambient_Plus_Terminal; Ambient_Temperature_C; Temp_Gradient_S3_S1
TST-0321,21.6604,Valid,20.2232,23.0976,2.8744,1.4372,31.8348,31.0589,29.7162,53.5234,17.6018,14.9593,23.3575,,0.377,Normal Operating Condition,False,None,None,Normal,Sensor readings conform to physical electro-thermal equilibrium,N/A (Normal),1.135,False,None,1.135,0.247,0.055,0.377,Sensor_S2; Terminal_TempRise_Mean; Test_Duration_min; Sensor_S1,Load_Current_A; Ambient_Plus_Terminal; Power_Proxy_kVA
TST-0282,14.8036,Valid,13.3664,16.2408,2.8744,1.4372,12.6265,28.3503,32.0378,13.5307,8.1213,7.9882,10.6893,35.0643,0.2803,Normal Operating Condition,False,None,None,Normal,Sensor readings conform to physical electro-thermal equilibrium,N/A (Normal),1.159,False,None,1.159,0.135,-0.062,0.28,Applied_Voltage_kV,Load_Current_A; Sensor_S2; Ambient_Plus_Terminal
TST-0142,45.7553,Invalid,44.3181,47.1925,2.8744,1.4372,24.4029,103.876,32.2259,40.6423,17.9763,18.732,1.0,63.0537,20.767,Sensor_S3 physical deviation (20.77 deg C > threshold 1.25),True,Sensor Dropout,Sensor_S3,Critical,Sensor_S3 registered negative drop of 20.77 deg C below expectation (potential loose thermocouple),"100.0% (Z=51.88, residual=20.77 C)",134.687,True,Sensor_S3,134.687,0.176,0.196,-20.767,Load_Current_A; Sensor_S2; Power_Proxy_kVA; Terminal_TempRise_Mean,Ambient_Plus_Terminal; Ambient_Temperature_C; Sensor_S3
TST-0312,23.5061,Valid,22.0689,24.9433,2.8744,1.4372,13.6986,63.0807,42.6143,12.9984,9.9835,11.2856,12.4626,46.178,0.4312,Normal Operating Condition,False,None,None,Normal,Sensor readings conform to physical electro-thermal equilibrium,N/A (Normal),2.227,False,None,2.227,-0.431,-0.089,-0.357,Ambient_Plus_Terminal; Temp_Gradient_S2_S1; Ambient_Temperature_C; Applied_Voltage_kV,Load_Current_A; Sensor_S2; Power_Proxy_kVA
TST-0101,22.3025,Valid,20.8653,23.7397,2.8744,1.4372,21.4245,47.0835,48.0441,5.5271,12.736,12.7862,16.5078,49.843,0.5239,Normal Operating Condition,False,None,None,Normal,Sensor readings conform to physical electro-thermal equilibrium,N/A (Normal),2.709,False,None,2.709,-0.505,0.108,-0.524,Ambient_Plus_Terminal; Ambient_Temperature_C; Sensor_S2; Terminal_TempRise_Mean,Load_Current_A; Power_Proxy_kVA; Temp_Gradient_S2_S1
TST-0134,23.7738,Invalid,22.3366,25.211,2.8744,1.4372,10.7522,61.401,27.9301,57.5273,9.2689,25.0,11.5499,31.7095,14.7845,Sensor_S2 physical deviation (14.78 deg C > threshold 1.25),True,Sensor Spike,Sensor_S2,Critical,Sensor_S2 registered abrupt positive spike of 14.78 deg C above thermodynamic expectation,"100.0% (Z=45.25, residual=14.78 C)",59.703,True,Sensor_S2,59.703,0.361,14.785,0.721,Sensor_S2; Temp_Gradient_S2_S1; Terminal_TempRise_Mean; Test_Duration_min,Load_Current_A; Power_Proxy_kVA; Ambient_Plus_Terminal
TST-0287,33.1647,Valid,31.7275,34.6019,2.8744,1.4372,9.876,90.2362,37.8947,19.0225,10.0901,12.6031,11.8235,48.1931,0.2367,Normal Operating Condition,False,None,None,Normal,Sensor readings conform to physical electro-thermal equilibrium,N/A (Normal),0.98,False,None,0.98,0.014,0.237,0.137,Load_Current_A; Temp_Gradient_S2_S1; Applied_Voltage_kV; Ambient_Temperature_C,Sensor_S2; Power_Proxy_kVA; Ambient_Plus_Terminal
TST-0153,32.8965,Valid,31.4593,34.3337,2.8744,1.4372,22.0117,90.6799,23.2379,41.9199,15.9492,16.3111,19.6566,54.5225,0.2781,Normal Operating Condition,False,None,None,Normal,Sensor readings conform to physical electro-thermal equilibrium,N/A (Normal),1.394,False,None,1.394,0.024,-0.278,0.09,Load_Current_A; Sensor_S2; Power_Proxy_kVA; Terminal_TempRise_Mean,Ambient_Plus_Terminal; Ambient_Temperature_C; Sensor_S4
TST-0299,30.2822,Valid,28.845,31.7194,2.8744,1.4372,29.8383,80.4976,28.726,51.0128,19.3876,18.3795,24.224,54.6427,0.2668,Normal Operating Condition,False,None,None,Normal,Sensor readings conform to physical electro-thermal equilibrium,N/A (Normal),1.967,False,None,1.967,0.267,-0.042,0.093,Sensor_S2; Power_Proxy_kVA; Terminal_TempRise_Mean; Load_Current_A,Ambient_Plus_Terminal; Temp_Gradient_S2_S1; Ambient_Temperature_C
TST-0204,22.6862,Invalid,21.249,24.1234,2.8744,1.4372,9.9266,71.9916,35.228,58.1512,9.591,11.1827,11.5297,47.9728,5.0,Identical duplicate operational setpoint with conflicting record,True,Duplicate Setpoint Conflict,Multiple,Critical,Test bench data acquisition logged duplicate operational setpoints with conflicting records,100.0% (Deterministic Rule),1.905,False,None,1.905,0.496,0.351,0.712,Temp_Gradient_S2_S1; Test_Duration_min; Applied_Voltage_kV; Ambient_Temperature_C,Load_Current_A; Sensor_S2; Power_Proxy_kVA
TST-0090,19.6671,Valid,18.2299,21.1043,2.8744,1.4372,28.5598,23.5194,29.2333,43.4217,15.8313,13.2633,21.1838,49.6635,0.6965,Normal Operating Condition,False,None,None,Normal,Sensor readings conform to physical electro-thermal equilibrium,N/A (Normal),2.053,False,None,2.053,0.464,0.129,0.696,Sensor_S2; Terminal_TempRise_Mean; Test_Duration_min; Sensor_S3,Load_Current_A; Ambient_Plus_Terminal; Power_Proxy_kVA
TST-0186,33.364,Valid,31.9268,34.8012,2.8744,1.4372,21.1734,82.0971,44.7944,43.1473,15.2694,15.6734,18.8305,61.4984,0.231,Normal Operating Condition,False,None,None,Normal,Sensor readings conform to physical electro-thermal equilibrium,N/A (Normal),0.948,False,None,0.948,0.219,0.103,0.231,Ambient_Plus_Terminal; Load_Current_A; Sensor_S2; Power_Proxy_kVA,Applied_Voltage_kV; Temp_Gradient_S2_S1; Sensor_S3
TST-0209,50.751,Valid,49.3138,52.1882,2.8744,1.4372,29.0905,103.0428,37.9276,26.3163,19.767,19.9521,24.7294,58.8807,0.2372,Normal Operating Condition,True,Genuine High-Temperature Operation,None (Equipment Alert),Warning,Sensors remain within physical residual bounds (|e| <= 1.25 deg C) and are jointly consistent; elevated temperature is consistent with high load rather than a sensor fault.,Physical Equilibrium Confirmed (MD=2.06),2.063,False,None,2.063,-0.237,-0.13,-0.032,Load_Current_A; Sensor_S2; Power_Proxy_kVA; Ambient_Plus_Terminal,Test_Duration_min; Applied_Voltage_kV
TST-0130,21.6323,Valid,20.1951,23.0695,2.8744,1.4372,8.3642,81.6007,20.3386,9.2012,8.2267,10.3095,9.2334,77.7716,1.0474,Normal Operating Condition,True,Calibration Drift,Sensor_S3,Warning,Sensor_S3 shows borderline persistent bias of 1.05 deg C,99.1% (Z=2.62),2.801,False,None,2.801,-0.648,-0.801,-1.047,Load_Current_A; Temp_Gradient_S2_S1; Applied_Voltage_kV; Sensor_S4,Ambient_Plus_Terminal; Sensor_S2; Power_Proxy_kVA
TST-0224,23.279,Valid,21.8418,24.7162,2.8744,1.4372,29.74,42.5642,45.34,16.7172,16.7172,15.3069,22.0589,,0.2661,Normal Operating Condition,False,None,None,Normal,Sensor readings conform to physical electro-thermal equilibrium,N/A (Normal),1.944,False,None,1.944,-0.266,0.146,-0.134,Ambient_Plus_Terminal; Sensor_S2; Terminal_TempRise_Mean; Ambient_Temperature_C,Load_Current_A; Temp_Gradient_S2_S1; Power_Proxy_kVA
TST-0302,28.7903,Valid,27.3531,30.2275,2.8744,1.4372,31.0175,42.4886,51.247,15.5516,17.4218,15.7522,22.9485,57.7194,0.1705,Normal Operating Condition,False,None,None,Normal,Sensor readings conform to physical electro-thermal equilibrium,N/A (Normal),1.436,False,None,1.436,-0.17,0.157,-0.068,Ambient_Plus_Terminal; Ambient_Temperature_C; Sensor_S2; Terminal_TempRise_Mean,Load_Current_A; Temp_Gradient_S2_S1; Power_Proxy_kVA
TST-0118,15.4142,Valid,13.977,16.8514,2.8744,1.4372,12.3252,43.2701,29.0204,38.9482,8.5913,8.9931,10.7785,58.5363,0.2224,Normal Operating Condition,False,None,None,Normal,Sensor readings conform to physical electro-thermal equilibrium,N/A (Normal),0.722,False,None,0.722,-0.073,-0.222,-0.173,Test_Duration_min; Applied_Voltage_kV; Sensor_S4,Load_Current_A; Sensor_S2; Ambient_Plus_Terminal
TST-0292,20.2948,Valid,18.8576,21.732,2.8744,1.4372,25.703,42.723,32.8205,28.6994,15.2019,13.7774,19.8668,47.9171,0.2802,Normal Operating Condition,False,None,None,Normal,Sensor readings conform to physical electro-thermal equilibrium,N/A (Normal),0.964,False,None,0.964,0.147,-0.005,0.28,Sensor_S2; Terminal_TempRise_Mean; Sensor_S1; Test_Duration_min,Load_Current_A; Ambient_Plus_Terminal; Power_Proxy_kVA
TST-0345,22.2975,Invalid,20.8603,23.7347,2.8744,1.4372,17.8784,65.2896,31.6423,15.7488,12.2564,12.5849,15.3558,,5.0,Identical duplicate operational setpoint with conflicting record,True,Duplicate Setpoint Conflict,Multiple,Critical,Test bench data acquisition logged duplicate operational setpoints with conflicting records,100.0% (Deterministic Rule),1.727,False,None,1.727,-0.286,-0.419,-0.279,,Load_Current_A; Ambient_Plus_Terminal; Power_Proxy_kVA
TST-0108,21.8358,Valid,20.3986,23.273,2.8744,1.4372,10.3765,33.4567,55.0,26.4809,7.3981,8.5469,9.8893,53.09,0.8382,Normal Operating Condition,False,None,None,Normal,Sensor readings conform to physical electro-thermal equilibrium,N/A (Normal),3.137,False,None,3.137,0.21,0.838,0.685,Ambient_Temperature_C; Ambient_Plus_Terminal; Temp_Gradient_S2_S1; Applied_Voltage_kV,Load_Current_A; Sensor_S2; Power_Proxy_kVA
TST-0071,15.491,Valid,14.0538,16.9282,2.8744,1.4372,10.0703,51.4114,28.3965,40.3729,8.1904,8.9815,10.1598,32.8634,0.2663,Normal Operating Condition,False,None,None,Normal,Sensor readings conform to physical electro-thermal equilibrium,N/A (Normal),1.37,False,None,1.37,0.16,-0.149,0.266,Test_Duration_min; Temp_Gradient_S2_S1; Applied_Voltage_kV; Sensor_S4,Load_Current_A; Sensor_S2; Ambient_Plus_Terminal
TST-0053,16.1532,Valid,14.716,17.5904,2.8744,1.4372,17.0118,21.374,32.1689,35.6557,9.9851,9.0219,13.2231,40.1055,0.3194,Normal Operating Condition,False,None,None,Normal,Sensor readings conform to physical electro-thermal equilibrium,N/A (Normal),1.226,False,None,1.226,0.278,0.053,0.319,Test_Duration_min; Sensor_S4; Applied_Voltage_kV; Temp_Gradient_S3_S1,Load_Current_A; Sensor_S2; Ambient_Plus_Terminal
TST-0273,16.9612,Valid,15.524,18.3984,2.8744,1.4372,16.6724,36.9277,34.6792,37.6874,10.4239,10.2024,13.3485,58.0047,0.1042,Normal Operating Condition,False,None,None,Normal,Sensor readings conform to physical electro-thermal equilibrium,N/A (Normal),0.892,False,None,0.892,0.023,0.027,-0.104,Test_Duration_min; Sensor_S4; Applied_Voltage_kV; Temp_Gradient_S3_S1,Load_Current_A; Sensor_S2; Power_Proxy_kVA
TST-0300,15.269,Valid,13.8318,16.7062,2.8744,1.4372,15.0446,29.9576,20.143,47.8715,9.7323,9.1814,12.7509,70.8449,0.6967,Normal Operating Condition,False,None,None,Normal,Sensor readings conform to physical electro-thermal equilibrium,N/A (Normal),2.081,False,None,2.081,0.497,0.161,0.697,Test_Duration_min; Applied_Voltage_kV; Sensor_S3; Temp_Gradient_S3_S1,Load_Current_A; Sensor_S2; Ambient_Plus_Terminal
TST-0148,19.0719,Valid,17.6347,20.5091,2.8744,1.4372,17.4409,49.9649,40.9076,45.8603,11.7999,11.8916,15.2228,59.2108,0.6282,Normal Operating Condition,False,None,None,Normal,Sensor readings conform to physical electro-thermal equilibrium,N/A (Normal),1.67,False,None,1.67,0.312,0.342,0.628,Ambient_Plus_Terminal; Test_Duration_min; Sensor_S4; Ambient_Temperature_C,Load_Current_A; Power_Proxy_kVA; Sensor_S2
TST-0347,39.657,Valid,38.2198,41.0942,2.8744,1.4372,28.5501,95.5623,27.3384,28.2493,19.3258,19.1001,23.7984,25.0317,0.2431,Normal Operating Condition,True,Genuine High-Temperature Operation,None (Equipment Alert),Warning,Sensors remain within physical residual bounds (|e| <= 1.25 deg C) and are jointly consistent; elevated temperature is consistent with high load rather than a sensor fault.,Physical Equilibrium Confirmed (MD=1.39),1.386,False,None,1.386,-0.007,-0.159,-0.243,Load_Current_A; Sensor_S2; Power_Proxy_kVA; Terminal_TempRise_Mean,Ambient_Plus_Terminal; Ambient_Temperature_C; Temp_Gradient_S2_S1
TST-0146,28.3073,Invalid,26.8701,29.7445,2.8744,1.4372,30.8349,65.6703,34.5678,45.3679,18.9534,17.6116,24.3619,55.5507,5.0,Identical duplicate operational setpoint with conflicting record,True,Duplicate Setpoint Conflict,Multiple,Critical,Test bench data acquisition logged duplicate operational setpoints with conflicting records,100.0% (Deterministic Rule),0.855,False,None,0.855,0.171,0.107,0.318,Sensor_S2; Power_Proxy_kVA; Ambient_Plus_Terminal; Terminal_TempRise_Mean,Load_Current_A; Temp_Gradient_S2_S1; Ambient_Temperature_C
TST-0241,18.3838,Valid,16.9466,19.821,2.8744,1.4372,25.534,25.3205,28.2218,41.9074,13.794,11.8136,18.3605,56.8376,0.4301,Normal Operating Condition,False,None,None,Normal,Sensor readings conform to physical electro-thermal equilibrium,N/A (Normal),1.511,False,None,1.511,-0.22,-0.43,-0.257,Test_Duration_min; Terminal_TempRise_Mean; Sensor_S3; Sensor_S1,Load_Current_A; Ambient_Plus_Terminal; Power_Proxy_kVA
TST-0096,16.4142,Valid,14.977,17.8514,2.8744,1.4372,13.0997,53.7274,28.6738,59.9207,9.979,10.1807,12.3702,70.4197,0.4006,Normal Operating Condition,False,None,None,Normal,Sensor readings conform to physical electro-thermal equilibrium,N/A (Normal),2.253,False,None,2.253,0.367,-0.192,0.401,Test_Duration_min; Applied_Voltage_kV,Load_Current_A; Sensor_S2; Ambient_Plus_Terminal
TST-0220,22.753,Valid,21.3158,24.1902,2.8744,1.4372,31.2861,50.8522,32.6734,55.8644,18.436,16.6598,23.6991,48.4526,0.2605,Normal Operating Condition,False,None,None,Normal,Sensor readings conform to physical electro-thermal equilibrium,N/A (Normal),2.035,False,None,2.035,0.254,0.26,0.096,Sensor_S2; Terminal_TempRise_Mean; Power_Proxy_kVA; Test_Duration_min,Load_Current_A; Temp_Gradient_S2_S1; Ambient_Temperature_C
TST-0174,22.5918,Valid,21.1546,24.029,2.8744,1.4372,27.1204,58.3611,39.9083,11.0185,16.3579,15.4925,20.8677,54.7287,0.4095,Normal Operating Condition,False,None,None,Normal,Sensor readings conform to physical electro-thermal equilibrium,N/A (Normal),1.118,False,None,1.118,-0.239,-0.109,-0.41,Sensor_S2; Ambient_Plus_Terminal; Power_Proxy_kVA; Terminal_TempRise_Mean,Load_Current_A; Temp_Gradient_S2_S1; Test_Duration_min
TST-0246,14.9295,Valid,13.4923,16.3667,2.8744,1.4372,11.7561,33.6913,30.9259,35.3395,7.9728,7.8426,10.4144,12.9395,0.3618,Normal Operating Condition,False,None,None,Normal,Sensor readings conform to physical electro-thermal equilibrium,N/A (Normal),2.401,False,None,2.401,0.11,-0.362,0.305,Test_Duration_min; Sensor_S4; Applied_Voltage_kV,Load_Current_A; Sensor_S2; Ambient_Plus_Terminal
TST-0136,18.7741,Valid,17.3369,20.2113,2.8744,1.4372,24.9164,19.2097,35.4669,42.342,13.7191,11.7538,18.3569,63.1217,0.4418,Normal Operating Condition,False,None,None,Normal,Sensor readings conform to physical electro-thermal equilibrium,N/A (Normal),1.306,False,None,1.306,0.338,0.243,0.442,Test_Duration_min; Terminal_TempRise_Mean; Sensor_S3; Sensor_S4,Load_Current_A; Power_Proxy_kVA; Sensor_S2
TST-0109,22.0474,Valid,20.6102,23.4846,2.8744,1.4372,22.8915,57.4844,42.5352,22.8177,14.6662,14.4878,18.7776,42.1177,0.4192,Normal Operating Condition,False,None,None,Normal,Sensor readings conform to physical electro-thermal equilibrium,N/A (Normal),1.339,False,None,1.339,0.148,0.419,0.282,Sensor_S2; Ambient_Plus_Terminal; Terminal_TempRise_Mean; Sensor_S4,Load_Current_A; Power_Proxy_kVA; Temp_Gradient_S2_S1
TST-0040,37.405,Valid,35.9678,38.8422,2.8744,1.4372,14.7637,96.0084,40.8136,5.8276,12.4107,14.5962,14.9326,37.478,0.3296,Normal Operating Condition,False,None,None,Normal,Sensor readings conform to physical electro-thermal equilibrium,N/A (Normal),2.073,False,None,2.073,-0.33,0.053,-0.204,Load_Current_A; Ambient_Plus_Terminal; Temp_Gradient_S2_S1; Sensor_S2,Test_Duration_min; Power_Proxy_kVA; Sensor_S1
TST-0043,21.5633,Invalid,20.1261,23.0005,2.8744,1.4372,29.7179,30.8604,34.2778,44.8228,6.7572,14.4345,21.6607,66.4151,9.5706,Sensor_S1 physical deviation (9.57 deg C > threshold 1.25),True,Sensor Dropout,Sensor_S1,Critical,Sensor_S1 registered negative drop of 9.57 deg C below expectation (potential loose thermocouple),"100.0% (Z=36.55, residual=9.57 C)",87.646,True,Sensor_S1,87.646,-9.571,0.277,0.061,Sensor_S2; Temp_Gradient_S2_S1; Test_Duration_min; Sensor_S3,Load_Current_A; Ambient_Plus_Terminal; Power_Proxy_kVA
TST-0181,37.1297,Valid,35.6925,38.5669,2.8744,1.4372,28.8456,90.5052,33.4862,18.3769,18.9472,18.7166,23.405,39.4581,0.578,Normal Operating Condition,True,Genuine High-Temperature Operation,None (Equipment Alert),Warning,Sensors remain within physical residual bounds (|e| <= 1.25 deg C) and are jointly consistent; elevated temperature is consistent with high load rather than a sensor fault.,Physical Equilibrium Confirmed (MD=1.72),1.722,False,None,1.722,-0.249,-0.214,-0.578,Load_Current_A; Sensor_S2; Power_Proxy_kVA; Ambient_Plus_Terminal,Test_Duration_min; Temp_Gradient_S2_S1; Ambient_Temperature_C
TST-0268,17.272,Valid,15.8348,18.7092,2.8744,1.4372,18.656,38.4975,35.5444,10.827,11.029,10.5944,14.4496,58.9728,0.4104,Normal Operating Condition,False,None,None,Normal,Sensor readings conform to physical electro-thermal equilibrium,N/A (Normal),2.177,False,None,2.177,-0.41,-0.398,-0.365,Sensor_S4,Load_Current_A; Sensor_S2; Power_Proxy_kVA
TST-0253,16.2519,Valid,14.8147,17.6891,2.8744,1.4372,12.7284,26.8435,39.1229,52.1745,8.4501,8.5118,11.1421,52.6342,0.7416,Normal Operating Condition,False,None,None,Normal,Sensor readings conform to physical electro-thermal equilibrium,N/A (Normal),2.047,False,None,2.047,0.498,0.555,0.742,Test_Duration_min; Applied_Voltage_kV; Ambient_Temperature_C; Sensor_S4,Load_Current_A; Sensor_S2; Power_Proxy_kVA
TST-0017,25.1432,Valid,23.706,26.5804,2.8744,1.4372,28.1174,70.69,23.8586,30.4145,17.621,16.7709,22.4914,36.5497,0.2233,Normal Operating Condition,False,None,None,Normal,Sensor readings conform to physical electro-thermal equilibrium,N/A (Normal),1.317,False,None,1.317,-0.133,-0.223,-0.041,Sensor_S2; Power_Proxy_kVA; Terminal_TempRise_Mean; Sensor_S1,Load_Current_A; Ambient_Plus_Terminal; Temp_Gradient_S2_S1
TST-0201,22.8511,Valid,21.4139,24.2883,2.8744,1.4372,30.6308,52.4703,34.6056,51.7352,18.2051,16.413,23.5239,55.3617,0.2648,Normal Operating Condition,False,None,None,Normal,Sensor readings conform to physical electro-thermal equilibrium,N/A (Normal),1.071,False,None,1.071,0.248,0.102,0.265,Sensor_S2; Power_Proxy_kVA; Terminal_TempRise_Mean; Ambient_Plus_Terminal,Load_Current_A; Temp_Gradient_S2_S1; Ambient_Temperature_C
TST-0129,16.6375,Valid,15.2003,18.0747,2.8744,1.4372,13.4397,55.981,25.0731,30.6312,10.1822,10.6946,12.6235,46.0088,0.3224,Normal Operating Condition,False,None,None,Normal,Sensor readings conform to physical electro-thermal equilibrium,N/A (Normal),1.319,False,None,1.319,0.283,0.013,0.322,Applied_Voltage_kV,Load_Current_A; Ambient_Plus_Terminal; Sensor_S2
TST-0068,48.3422,Valid,46.905,49.7794,2.8744,1.4372,22.86,102.7691,40.2981,48.4695,17.0916,18.4242,20.9185,53.2535,0.5141,Normal Operating Condition,False,None,None,Normal,Sensor readings conform to physical electro-thermal equilibrium,N/A (Normal),1.78,False,None,1.78,0.093,0.514,0.205,Load_Current_A; Ambient_Plus_Terminal; Sensor_S2; Power_Proxy_kVA,Sensor_S4
TST-0161,14.7548,Valid,13.3176,16.192,2.8744,1.4372,13.9637,15.8295,40.1118,30.3191,7.6979,7.4892,10.0314,43.5016,0.6246,Normal Operating Condition,False,None,None,Normal,Sensor readings conform to physical electro-thermal equilibrium,N/A (Normal),2.525,False,None,2.525,-0.24,0.043,-0.625,Test_Duration_min; Applied_Voltage_kV,Load_Current_A; Sensor_S2; Power_Proxy_kVA
TST-0298,20.8913,Invalid,19.4541,22.3285,2.8744,1.4372,22.9874,56.7055,35.7883,31.8943,14.3595,13.6506,28.8747,51.7209,10.3555,Sensor_S3 physical deviation (10.36 deg C > threshold 1.25),True,Sensor Spike,Sensor_S3,Critical,Sensor_S3 registered abrupt positive spike of 10.36 deg C above thermodynamic expectation,"100.0% (Z=25.87, residual=10.36 C)",68.192,True,Sensor_S3,68.192,-0.162,-0.385,10.355,Sensor_S2; Sensor_S3; Terminal_TempRise_Mean; Temp_Gradient_S3_S1,Load_Current_A; Temp_Gradient_S2_S1; Power_Proxy_kVA
TST-0094,42.8376,Valid,41.4004,44.2748,2.8744,1.4372,8.8296,106.0483,34.378,7.013,10.0688,12.9497,11.2431,25.8039,0.5473,Normal Operating Condition,False,None,None,Normal,Sensor readings conform to physical electro-thermal equilibrium,N/A (Normal),1.51,False,None,1.51,-0.377,-0.401,-0.547,Load_Current_A; Temp_Gradient_S2_S1; Applied_Voltage_kV; Sensor_S4,Ambient_Plus_Terminal; Sensor_S2; Power_Proxy_kVA
TST-0336,28.0777,Invalid,26.6405,29.5149,2.8744,1.4372,24.6004,65.6635,39.1935,39.1454,15.5421,15.2575,30.8454,53.6234,10.839,Sensor_S3 physical deviation (10.84 deg C > threshold 1.25),True,Sensor Spike,Sensor_S3,Critical,Sensor_S3 registered abrupt positive spike of 10.84 deg C above thermodynamic expectation,"100.0% (Z=27.08, residual=10.84 C)",71.51,True,Sensor_S3,71.51,-0.247,-0.096,10.839,Sensor_S2; Ambient_Plus_Terminal; Power_Proxy_kVA; Sensor_S3,Load_Current_A; Temp_Gradient_S2_S1; Sensor_S4
TST-0149,20.639,Valid,19.2018,22.0762,2.8744,1.4372,11.9021,64.7199,29.309,14.5109,9.7655,10.832,11.5928,53.4014,0.1446,Normal Operating Condition,False,None,None,Normal,Sensor readings conform to physical electro-thermal equilibrium,N/A (Normal),1.933,False,None,1.933,0.123,-0.062,-0.145,Temp_Gradient_S2_S1; Applied_Voltage_kV,Load_Current_A; Sensor_S2; Ambient_Plus_Terminal
TST-0191,48.0774,Valid,46.6402,49.5146,2.8744,1.4372,22.612,106.303,34.3839,31.4304,17.1821,18.1618,20.6,53.0328,0.1273,Normal Operating Condition,False,None,None,Normal,Sensor readings conform to physical electro-thermal equilibrium,N/A (Normal),1.763,False,None,1.763,0.108,0.037,-0.127,Load_Current_A; Sensor_S2; Power_Proxy_kVA; Terminal_TempRise_Mean,Ambient_Plus_Terminal; Ambient_Temperature_C; Sensor_S4
TST-0032,18.522,Valid,17.0848,19.9592,2.8744,1.4372,28.5326,15.5381,22.4604,42.9337,14.8943,12.2152,19.9971,58.1586,0.2304,Normal Operating Condition,False,None,None,Normal,Sensor readings conform to physical electro-thermal equilibrium,N/A (Normal),0.82,False,None,0.82,-0.02,-0.23,-0.078,Terminal_TempRise_Mean; Test_Duration_min; Temp_Gradient_S3_S1; Sensor_S1,Load_Current_A; Ambient_Plus_Terminal; Power_Proxy_kVA
TST-0054,16.3986,Valid,14.9614,17.8358,2.8744,1.4372,13.3607,48.433,35.1757,7.8378,8.9099,9.7208,11.1973,32.4668,0.6796,Normal Operating Condition,False,None,None,Normal,Sensor readings conform to physical electro-thermal equilibrium,N/A (Normal),2.098,False,None,2.098,-0.535,-0.291,-0.68,Temp_Gradient_S2_S1; Sensor_S4; Applied_Voltage_kV,Load_Current_A; Sensor_S2; Power_Proxy_kVA
TST-0349,55.3057,Valid,53.8685,56.7429,2.8744,1.4372,22.9134,106.1077,50.3203,46.1495,17.3245,18.698,20.9973,67.3232,0.4854,Normal Operating Condition,False,None,None,Normal,Sensor readings conform to physical electro-thermal equilibrium,N/A (Normal),1.959,False,None,1.959,0.116,0.485,0.084,Load_Current_A; Ambient_Plus_Terminal; Ambient_Temperature_C; Sensor_S2,Sensor_S4
TST-0100,17.9882,Valid,16.551,19.4254,2.8744,1.4372,21.2866,27.0223,36.808,13.3331,11.8382,11.0369,15.826,52.7388,0.2314,Normal Operating Condition,False,None,None,Normal,Sensor readings conform to physical electro-thermal equilibrium,N/A (Normal),1.639,False,None,1.639,-0.231,0.113,-0.125,Sensor_S4,Load_Current_A; Sensor_S2; Power_Proxy_kVA
TST-0162,19.3103,Valid,17.8731,20.7475,2.8744,1.4372,19.1266,50.321,41.5564,32.5632,12.1868,12.2597,15.6182,49.1034,0.13,Normal Operating Condition,False,None,None,Normal,Sensor readings conform to physical electro-thermal equilibrium,N/A (Normal),0.961,False,None,0.961,-0.13,0.099,-0.086,Ambient_Plus_Terminal; Test_Duration_min,Load_Current_A; Power_Proxy_kVA; Sensor_S2
TST-0326,23.0685,Invalid,21.6313,24.5057,2.8744,1.4372,30.7191,58.0378,31.4705,42.4647,18.341,16.9157,,47.8471,10.0,Missing readings in critical sensors: Sensor_S3,True,Missing Critical Sensor,Sensor_S3,Critical,Channel communication loss or unrecorded sensor in Sensor_S3,100.0% (Deterministic Rule),0.0,False,None,0.0,0.035,0.101,0.0,Sensor_S2; Power_Proxy_kVA; Terminal_TempRise_Mean; Test_Duration_min,Load_Current_A; Temp_Gradient_S2_S1; Ambient_Plus_Terminal
TST-0340,19.6105,Valid,18.1733,21.0477,2.8744,1.4372,27.7674,24.3359,33.3628,26.2428,15.0296,12.9315,19.9969,49.1674,0.0177,Normal Operating Condition,False,None,None,Normal,Sensor readings conform to physical electro-thermal equilibrium,N/A (Normal),0.097,False,None,0.097,-0.002,0.001,-0.018,Sensor_S2; Terminal_TempRise_Mean; Sensor_S1; Temp_Gradient_S3_S1,Load_Current_A; Power_Proxy_kVA; Ambient_Plus_Terminal
TST-0319,28.7482,Valid,27.311,30.1854,2.8744,1.4372,29.896,66.9185,39.736,13.3354,18.3602,17.3111,23.806,39.0959,0.3086,Normal Operating Condition,False,None,None,Normal,Sensor readings conform to physical electro-thermal equilibrium,N/A (Normal),2.27,False,None,2.27,-0.04,0.024,0.309,Sensor_S2; Ambient_Plus_Terminal; Power_Proxy_kVA; Terminal_TempRise_Mean,Load_Current_A; Temp_Gradient_S2_S1; Test_Duration_min
TST-0064,18.7783,Valid,17.3411,20.2155,2.8744,1.4372,26.4037,33.7715,20.3468,36.3678,14.9868,13.0202,19.7161,,0.2423,Normal Operating Condition,False,None,None,Normal,Sensor readings conform to physical electro-thermal equilibrium,N/A (Normal),1.296,False,None,1.296,0.089,-0.242,0.118,Sensor_S2; Terminal_TempRise_Mean; Test_Duration_min; Sensor_S1,Load_Current_A; Ambient_Plus_Terminal; Power_Proxy_kVA
TST-0259,28.3689,Valid,26.9317,29.8061,2.8744,1.4372,22.7859,70.3495,41.1046,44.0127,15.6942,15.4583,19.8324,56.7003,0.7694,Normal Operating Condition,False,None,None,Normal,Sensor readings conform to physical electro-thermal equilibrium,N/A (Normal),2.026,False,None,2.026,0.517,0.332,0.769,Ambient_Plus_Terminal; Sensor_S2; Power_Proxy_kVA; Test_Duration_min,Load_Current_A; Temp_Gradient_S2_S1; Temp_Gradient_S3_S1
TST-0066,43.6013,Valid,42.1641,45.0385,2.8744,1.4372,23.1945,101.7182,31.3005,33.4107,17.159,17.6832,21.1185,38.0793,0.2529,Normal Operating Condition,False,None,None,Normal,Sensor readings conform to physical electro-thermal equilibrium,N/A (Normal),1.872,False,None,1.872,0.058,-0.253,0.241,Load_Current_A; Sensor_S2; Power_Proxy_kVA; Terminal_TempRise_Mean,Ambient_Plus_Terminal; Ambient_Temperature_C; Sensor_S4
TST-0123,47.9106,Valid,46.4734,49.3478,2.8744,1.4372,28.9119,104.4369,31.4578,30.5107,19.6448,19.7119,24.451,60.4778,0.4272,Normal Operating Condition,True,Genuine High-Temperature Operation,None (Equipment Alert),Warning,Sensors remain within physical residual bounds (|e| <= 1.25 deg C) and are jointly consistent; elevated temperature is consistent with high load rather than a sensor fault.,Physical Equilibrium Confirmed (MD=2.25),2.254,False,None,2.254,-0.351,-0.427,-0.263,Load_Current_A; Sensor_S2; Power_Proxy_kVA; Terminal_TempRise_Mean,Ambient_Plus_Terminal; Ambient_Temperature_C; Applied_Voltage_kV
TST-0218,20.6904,Valid,19.2532,22.1276,2.8744,1.4372,25.2738,51.1871,36.0271,12.5648,15.0862,14.2745,19.5667,37.8412,0.2287,Normal Operating Condition,False,None,None,Normal,Sensor readings conform to physical electro-thermal equilibrium,N/A (Normal),1.286,False,None,1.286,-0.229,-0.08,-0.16,Sensor_S2; Terminal_TempRise_Mean; Ambient_Plus_Terminal; Sensor_S1,Load_Current_A; Temp_Gradient_S2_S1; Test_Duration_min
TST-0261,23.0999,Valid,21.6627,24.5371,2.8744,1.4372,16.1031,65.8599,35.717,13.8313,11.3255,12.2568,14.1055,55.4357,0.4084,Normal Operating Condition,False,None,None,Normal,Sensor readings conform to physical electro-thermal equilibrium,N/A (Normal),1.742,False,None,1.742,-0.396,-0.183,-0.408,Temp_Gradient_S2_S1; Ambient_Temperature_C; Temp_Gradient_S3_S1,Load_Current_A; Power_Proxy_kVA; Ambient_Plus_Terminal
TST-0196,20.9611,Valid,19.5239,22.3983,2.8744,1.4372,11.1369,68.3869,29.3999,49.7443,9.5411,10.7249,11.3814,55.5851,0.2175,Normal Operating Condition,False,None,None,Normal,Sensor readings conform to physical electro-thermal equilibrium,N/A (Normal),1.118,False,None,1.118,0.064,-0.218,-0.042,Temp_Gradient_S2_S1; Test_Duration_min; Applied_Voltage_kV,Load_Current_A; Sensor_S2; Ambient_Plus_Terminal
TST-0281,27.8292,Invalid,26.392,29.2664,2.8744,1.4372,26.5103,73.1916,18.0,45.4035,17.3468,24.6858,21.925,47.8297,8.033,Sensor_S2 physical deviation (8.03 deg C > threshold 1.25),True,Sensor Spike,Sensor_S2,Critical,Sensor_S2 registered abrupt positive spike of 8.03 deg C above thermodynamic expectation,"100.0% (Z=24.59, residual=8.03 C)",32.64,True,Sensor_S2,32.64,0.226,8.033,0.31,Sensor_S2; Power_Proxy_kVA; Temp_Gradient_S2_S1; Terminal_TempRise_Mean,Load_Current_A; Ambient_Plus_Terminal; Ambient_Temperature_C
TST-0303,37.0726,Valid,35.6354,38.5098,2.8744,1.4372,18.9871,97.1234,27.6558,46.5969,15.1063,16.2721,18.0375,37.1383,0.2775,Normal Operating Condition,False,None,None,Normal,Sensor readings conform to physical electro-thermal equilibrium,N/A (Normal),2.024,False,None,2.024,0.277,0.178,0.111,Load_Current_A; Sensor_S2; Power_Proxy_kVA; Temp_Gradient_S2_S1,Ambient_Plus_Terminal; Ambient_Temperature_C; Sensor_S4
TST-0254,23.0799,Valid,21.6427,24.5171,2.8744,1.4372,31.1547,42.0182,36.8892,44.2735,18.0129,16.0298,23.7648,38.9001,0.683,Normal Operating Condition,False,None,None,Normal,Sensor readings conform to physical electro-thermal equilibrium,N/A (Normal),1.745,False,None,1.745,0.381,0.427,0.683,Sensor_S2; Ambient_Plus_Terminal; Terminal_TempRise_Mean; Test_Duration_min,Load_Current_A; Temp_Gradient_S2_S1; Power_Proxy_kVA
TST-0322,18.1995,Valid,16.7623,19.6367,2.8744,1.4372,18.5103,47.0652,38.6239,7.0886,11.6033,11.498,15.0109,39.8856,0.2383,Normal Operating Condition,False,None,None,Normal,Sensor readings conform to physical electro-thermal equilibrium,N/A (Normal),1.563,False,None,1.563,-0.238,-0.173,-0.133,Ambient_Plus_Terminal; Ambient_Temperature_C; Sensor_S4,Load_Current_A; Sensor_S2; Power_Proxy_kVA
TST-0139,17.1732,Valid,15.736,18.6104,2.8744,1.4372,19.3601,21.2471,42.5067,9.0403,10.5455,9.8458,14.325,41.3411,0.2812,Normal Operating Condition,False,None,None,Normal,Sensor readings conform to physical electro-thermal equilibrium,N/A (Normal),2.136,False,None,2.136,-0.281,0.078,-0.093,Ambient_Plus_Terminal; Applied_Voltage_kV,Load_Current_A; Sensor_S2; Power_Proxy_kVA
TST-0257,37.4991,Valid,36.0619,38.9363,2.8744,1.4372,12.1247,90.2803,47.6176,23.2483,11.0843,13.505,13.1509,37.5394,0.3594,Normal Operating Condition,False,None,None,Normal,Sensor readings conform to physical electro-thermal equilibrium,N/A (Normal),1.633,False,None,1.633,-0.074,0.359,0.006,Load_Current_A; Ambient_Plus_Terminal; Temp_Gradient_S2_S1; Ambient_Temperature_C,Power_Proxy_kVA; Sensor_S2; Test_Duration_min
TST-0033,16.648,Valid,15.2108,18.0852,2.8744,1.4372,19.2782,17.2745,33.2061,39.5502,10.7715,9.9413,14.5396,44.0233,0.5395,Normal Operating Condition,False,None,None,Normal,Sensor readings conform to physical electro-thermal equilibrium,N/A (Normal),1.708,False,None,1.708,0.203,0.539,0.371,Test_Duration_min; Applied_Voltage_kV; Temp_Gradient_S3_S1,Load_Current_A; Sensor_S2; Power_Proxy_kVA
TST-0112,49.5669,Valid,48.1297,51.0041,2.8744,1.4372,21.225,107.2783,38.1281,27.1249,16.4244,17.8283,19.9328,64.6438,0.0984,Normal Operating Condition,False,None,None,Normal,Sensor readings conform to physical electro-thermal equilibrium,N/A (Normal),0.725,False,None,0.725,-0.038,0.098,0.055,Load_Current_A; Sensor_S2; Power_Proxy_kVA; Ambient_Plus_Terminal,Test_Duration_min; Applied_Voltage_kV
TST-0021,24.3168,Valid,22.8796,25.754,2.8744,1.4372,29.3261,61.1779,42.9526,30.56,17.6895,16.811,22.7539,62.6234,0.2092,Normal Operating Condition,False,None,None,Normal,Sensor readings conform to physical electro-thermal equilibrium,N/A (Normal),1.249,False,None,1.249,-0.121,0.209,-0.091,Sensor_S2; Ambient_Plus_Terminal; Power_Proxy_kVA; Terminal_TempRise_Mean,Load_Current_A; Temp_Gradient_S2_S1; Temp_Gradient_S3_S1
TST-0083,18.3337,Valid,16.8965,19.7709,2.8744,1.4372,19.2919,55.4836,25.8374,14.5274,12.5537,12.3313,15.9709,65.8594,0.3257,Normal Operating Condition,False,None,None,Normal,Sensor readings conform to physical electro-thermal equilibrium,N/A (Normal),1.336,False,None,1.336,-0.127,-0.326,-0.095,Terminal_TempRise_Mean; Sensor_S4,Load_Current_A; Ambient_Plus_Terminal; Power_Proxy_kVA
TST-0150,25.1182,Valid,23.681,26.5554,2.8744,1.4372,27.1912,48.0539,47.9636,52.8955,16.1763,15.0719,20.9145,38.1212,0.3228,Normal Operating Condition,False,None,None,Normal,Sensor readings conform to physical electro-thermal equilibrium,N/A (Normal),1.266,False,None,1.266,0.114,0.323,0.101,Ambient_Plus_Terminal; Sensor_S2; Ambient_Temperature_C; Terminal_TempRise_Mean,Load_Current_A; Temp_Gradient_S2_S1; Power_Proxy_kVA
TST-0265,23.677,Valid,22.2398,25.1142,2.8744,1.4372,18.4063,68.533,31.1746,49.5928,13.0812,13.6165,16.3404,68.3469,0.203,Normal Operating Condition,False,None,None,Normal,Sensor readings conform to physical electro-thermal equilibrium,N/A (Normal),0.566,False,None,0.566,0.107,0.155,0.203,Test_Duration_min; Sensor_S2; Terminal_TempRise_Mean; Temp_Gradient_S2_S1,Load_Current_A; Ambient_Plus_Terminal; Power_Proxy_kVA
TST-0227,35.0594,Valid,33.6222,36.4966,2.8744,1.4372,21.5832,88.0722,36.8031,11.8377,15.3622,16.3341,19.1344,40.4713,0.2139,Normal Operating Condition,False,None,None,Normal,Sensor readings conform to physical electro-thermal equilibrium,N/A (Normal),1.884,False,None,1.884,-0.214,0.115,-0.026,Load_Current_A; Sensor_S2; Power_Proxy_kVA; Ambient_Plus_Terminal,Test_Duration_min; Temp_Gradient_S3_S1
TST-0170,24.672,Valid,23.2348,26.1092,2.8744,1.4372,18.4344,68.3194,36.3153,48.0883,12.5688,13.0778,15.7499,51.8089,0.4075,Normal Operating Condition,False,None,None,Normal,Sensor readings conform to physical electro-thermal equilibrium,N/A (Normal),1.995,False,None,1.995,-0.408,-0.375,-0.395,Test_Duration_min; Ambient_Temperature_C; Applied_Voltage_kV; Temp_Gradient_S2_S1,Load_Current_A; Power_Proxy_kVA; Sensor_S2
TST-0318,29.2636,Valid,27.8264,30.7008,2.8744,1.4372,12.4542,59.4803,54.8612,43.9007,9.7287,11.3552,12.338,33.9237,0.7162,Normal Operating Condition,False,None,None,Normal,Sensor readings conform to physical electro-thermal equilibrium,N/A (Normal),2.805,False,None,2.805,0.11,0.716,0.502,Ambient_Plus_Terminal; Ambient_Temperature_C; Temp_Gradient_S2_S1; Test_Duration_min,Load_Current_A; Power_Proxy_kVA; Sensor_S2
TST-0097,16.3225,Valid,14.8853,17.7597,2.8744,1.4372,17.1768,38.0388,24.0575,45.4849,10.8007,10.3164,13.9009,52.046,0.1272,Normal Operating Condition,False,None,None,Normal,Sensor readings conform to physical electro-thermal equilibrium,N/A (Normal),0.846,False,None,0.846,0.097,-0.127,0.067,Test_Duration_min; Sensor_S4; Temp_Gradient_S3_S1,Load_Current_A; Sensor_S2; Ambient_Plus_Terminal
TST-0152,34.549,Valid,33.1118,35.9862,2.8744,1.4372,19.6412,92.0626,30.2696,24.358,14.9415,15.8022,18.1472,63.7187,0.0871,Normal Operating Condition,False,None,None,Normal,Sensor readings conform to physical electro-thermal equilibrium,N/A (Normal),0.64,False,None,0.64,0.078,-0.087,0.047,Load_Current_A; Sensor_S2; Power_Proxy_kVA; Temp_Gradient_S2_S1,Ambient_Plus_Terminal; Ambient_Temperature_C; Test_Duration_min
TST-0084,57.4453,Valid,56.0081,58.8825,2.8744,1.4372,24.96,107.3457,48.7889,46.7983,18.641,19.9204,23.2992,50.7564,1.0,Normal Operating Condition,True,Multi-Sensor Correlation Anomaly,"Sensor_S3, Sensor_S1, Sensor_S2",Warning,Cross-sensor residuals disagree with the robust covariance pattern (Mahalanobis D=3.48 > 3.37),99.3% (chi2 p=0.0070),3.48,True,"Sensor_S3, Sensor_S1, Sensor_S2",3.48,0.382,0.897,1.0,Load_Current_A; Ambient_Plus_Terminal; Sensor_S2; Ambient_Temperature_C,Temp_Gradient_S3_S1
TST-0124,16.957,Valid,15.5198,18.3942,2.8744,1.4372,24.9762,20.8731,20.1015,8.565,13.3562,11.3484,17.6631,63.8853,0.373,Normal Operating Condition,False,None,None,Normal,Sensor readings conform to physical electro-thermal equilibrium,N/A (Normal),1.25,False,None,1.25,-0.145,-0.325,-0.373,Terminal_TempRise_Mean; Sensor_S3; Sensor_S4; Sensor_S1,Load_Current_A; Ambient_Plus_Terminal; Sensor_S2
TST-0098,33.6598,Valid,32.2226,35.097,2.8744,1.4372,16.4265,90.7432,32.2089,28.9685,13.2984,14.784,16.354,62.053,0.4009,Normal Operating Condition,False,None,None,Normal,Sensor readings conform to physical electro-thermal equilibrium,N/A (Normal),2.038,False,None,2.038,0.05,0.116,0.401,Load_Current_A; Power_Proxy_kVA; Temp_Gradient_S2_S1; Sensor_S2,Ambient_Plus_Terminal; Ambient_Temperature_C; Sensor_S1
TST-0341,30.3165,Valid,28.8793,31.7537,2.8744,1.4372,28.3214,69.2417,41.4841,36.1784,17.4848,16.9809,22.1924,24.6633,0.4002,Normal Operating Condition,False,None,None,Normal,Sensor readings conform to physical electro-thermal equilibrium,N/A (Normal),1.517,False,None,1.517,-0.288,0.04,-0.4,Sensor_S2; Ambient_Plus_Terminal; Power_Proxy_kVA; Terminal_TempRise_Mean,Load_Current_A; Temp_Gradient_S2_S1; Applied_Voltage_kV
TST-0042,31.0625,Valid,29.6253,32.4997,2.8744,1.4372,30.177,76.6693,38.1606,16.2217,19.1726,18.4534,24.3994,35.6663,0.2403,Normal Operating Condition,False,None,None,Normal,Sensor readings conform to physical electro-thermal equilibrium,N/A (Normal),0.852,False,None,0.852,0.1,0.24,0.238,Sensor_S2; Power_Proxy_kVA; Ambient_Plus_Terminal; Terminal_TempRise_Mean,Load_Current_A; Temp_Gradient_S2_S1; Test_Duration_min
TST-0189,19.4811,Valid,18.0439,20.9183,2.8744,1.4372,26.6187,37.5424,26.1273,29.7944,15.2497,13.576,19.902,64.6756,0.0815,Normal Operating Condition,False,None,None,Normal,Sensor readings conform to physical electro-thermal equilibrium,N/A (Normal),0.556,False,None,0.556,0.041,-0.081,-0.021,Sensor_S2; Terminal_TempRise_Mean; Sensor_S1; Test_Duration_min,Load_Current_A; Ambient_Plus_Terminal; Power_Proxy_kVA
TST-0285,22.8197,Valid,21.3825,24.2569,2.8744,1.4372,31.5835,48.0907,33.9754,49.9459,18.4065,16.3984,23.9702,49.298,0.3106,Normal Operating Condition,False,None,None,Normal,Sensor readings conform to physical electro-thermal equilibrium,N/A (Normal),0.909,False,None,0.909,0.234,0.131,0.311,Sensor_S2; Terminal_TempRise_Mean; Power_Proxy_kVA; Test_Duration_min,Load_Current_A; Temp_Gradient_S2_S1; Ambient_Temperature_C
TST-0020,22.3271,Valid,20.8899,23.7643,2.8744,1.4372,29.8999,37.1522,38.9412,42.5404,16.7155,14.9052,21.9891,71.8253,0.1494,Normal Operating Condition,False,None,None,Normal,Sensor readings conform to physical electro-thermal equilibrium,N/A (Normal),0.751,False,None,0.751,-0.046,0.149,-0.04,Sensor_S2; Ambient_Plus_Terminal; Terminal_TempRise_Mean; Test_Duration_min,Load_Current_A; Temp_Gradient_S2_S1; Power_Proxy_kVA
TST-0314,45.4399,Valid,44.0027,46.8771,2.8744,1.4372,24.5299,92.0717,48.8277,15.8718,17.0194,17.9961,21.1065,46.227,0.4201,Normal Operating Condition,False,None,None,Normal,Sensor readings conform to physical electro-thermal equilibrium,N/A (Normal),2.298,False,None,2.298,-0.191,0.42,-0.159,Load_Current_A; Ambient_Plus_Terminal; Ambient_Temperature_C; Sensor_S2,Test_Duration_min; Temp_Gradient_S3_S1
